[
{"action":{"redirect":{"extensionPath":"/web_accessible_resources/noop.txt"},"type":"redirect"},"condition":{"resourceTypes":["image","media","other","script","stylesheet","sub_frame","xmlhttprequest"],"urlFilter":"||applift.com^"},"id":1,"priority":11},
{"action":{"redirect":{"extensionPath":"/web_accessible_resources/googlesyndication_adsbygoogle.js"},"type":"redirect"},"condition":{"initiatorDomains":["nazology.kusuguru.co.jp","nijimen.kusuguru.co.jp"],"resourceTypes":["script"],"urlFilter":"||pagead2.googlesyndication.com/pagead/js/adsbygoogle.js"},"id":2,"priority":11},
{"action":{"redirect":{"extensionPath":"/web_accessible_resources/noop.txt"},"type":"redirect"},"condition":{"initiatorDomains":["sports.yahoo.com"],"resourceTypes":["image","media","other","script","stylesheet","sub_frame","xmlhttprequest"],"urlFilter":"||s.yimg.com/av/curveball/ads/pr/"},"id":3,"priority":41},
{"action":{"redirect":{"extensionPath":"/web_accessible_resources/noop.txt"},"type":"redirect"},"condition":{"initiatorDomains":["promiflash.de"],"resourceTypes":["image","media","other","script","stylesheet","sub_frame","xmlhttprequest"],"urlFilter":"||tpc.googlesyndication.com^"},"id":4,"priority":41},
{"action":{"redirect":{"extensionPath":"/web_accessible_resources/noop.txt"},"type":"redirect"},"condition":{"initiatorDomains":["movies.is"],"resourceTypes":["image","media","other","script","stylesheet","sub_frame","xmlhttprequest"],"urlFilter":"||go.*.com/apu.php"},"id":5,"priority":11},
{"action":{"redirect":{"extensionPath":"/web_accessible_resources/googletagservices_gpt.js"},"type":"redirect"},"condition":{"initiatorDomains":["ukr.net"],"resourceTypes":["script"],"urlFilter":"||googletagservices.com/tag/js/gpt.js"},"id":6,"priority":41},
{"action":{"redirect":{"extensionPath":"/web_accessible_resources/noop.js"},"type":"redirect"},"condition":{"initiatorDomains":["map.yahoo.co.jp"],"resourceTypes":["script"],"urlFilter":"||yads.c.yimg.jp/js/yads-async.js"},"id":7,"priority":41},
{"action":{"redirect":{"extensionPath":"/web_accessible_resources/noop.js"},"type":"redirect"},"condition":{"initiatorDomains":["orcd.co"],"resourceTypes":["script"],"urlFilter":"||googleadservices.com/pagead/conversion_async.js"},"id":8,"priority":11},
{"action":{"redirect":{"extensionPath":"/web_accessible_resources/noop.txt"},"type":"redirect"},"condition":{"initiatorDomains":["safeframe.googlesyndication.com"],"resourceTypes":["xmlhttprequest"],"urlFilter":"||googlevideo.com/videoplayback?"},"id":9,"priority":11},
{"action":{"redirect":{"extensionPath":"/web_accessible_resources/noop.html"},"type":"redirect"},"condition":{"initiatorDomains":["hanime1.me"],"resourceTypes":["sub_frame"],"urlFilter":"||magsrv.com^"},"id":10,"priority":11},
{"action":{"redirect":{"extensionPath":"/web_accessible_resources/noop-1s.mp4"},"type":"redirect"},"condition":{"initiatorDomains":["safeframe.googlesyndication.com"],"resourceTypes":["media"],"urlFilter":"||googlevideo.com/videoplayback?"},"id":11,"priority":11},
{"action":{"redirect":{"extensionPath":"/web_accessible_resources/noop-1s.mp4"},"type":"redirect"},"condition":{"initiatorDomains":["safeframe.googlesyndication.com"],"resourceTypes":["media"],"urlFilter":"||gvt1.com/videoplayback?"},"id":12,"priority":11},
{"action":{"redirect":{"extensionPath":"/web_accessible_resources/noop.txt"},"type":"redirect"},"condition":{"resourceTypes":["image","media","other","script","stylesheet","sub_frame","xmlhttprequest"],"urlFilter":"||alxanosoft.com/rk/"},"id":13,"priority":11},
{"action":{"redirect":{"extensionPath":"/web_accessible_resources/noop.js"},"type":"redirect"},"condition":{"resourceTypes":["script"],"urlFilter":"||asahicom.jp/sp/js/and_infeedad.js"},"id":14,"priority":11},
{"action":{"redirect":{"extensionPath":"/web_accessible_resources/noop.js"},"type":"redirect"},"condition":{"resourceTypes":["script"],"urlFilter":"||api.ambelbet.com/assets/js/page.ads.js"},"id":15,"priority":11},
{"action":{"redirect":{"extensionPath":"/web_accessible_resources/noop.js"},"type":"redirect"},"condition":{"resourceTypes":["script"],"urlFilter":"||api.ambelbet.com/assets/js/in.ads.js"},"id":16,"priority":11},
{"action":{"redirect":{"extensionPath":"/web_accessible_resources/noop-1s.mp4"},"type":"redirect"},"condition":{"resourceTypes":["media"],"urlFilter":"||anyporn.com/xml^"},"id":17,"priority":11},
{"action":{"redirect":{"extensionPath":"/web_accessible_resources/noop-1s.mp4"},"type":"redirect"},"condition":{"resourceTypes":["media"],"urlFilter":"||wi-fi.ru/ad_video/"},"id":18,"priority":41}
]
