[
{
 "action": {
  "redirect": {
   "extensionPath": "/web_accessible_resources/noop.js"
  },
  "type": "redirect"
 },
 "condition": {
  "initiatorDomains": [
   "nova.cz"
  ],
  "resourceTypes": [
   "script"
  ],
  "urlFilter": "||trackad.cz/adtrack.php"
 },
 "id": 1,
 "priority": 11
},
{
 "action": {
  "redirect": {
   "extensionPath": "/web_accessible_resources/noop-0.1s.mp3"
  },
  "type": "redirect"
 },
 "condition": {
  "initiatorDomains": [
   "youradio.cz"
  ],
  "resourceTypes": [
   "media"
  ],
  "urlFilter": "||media.actve.net/sads/"
 },
 "id": 2,
 "priority": 11
},
{
 "action": {
  "redirect": {
   "extensionPath": "/web_accessible_resources/noop-1s.mp4"
  },
  "type": "redirect"
 },
 "condition": {
  "initiatorDomains": [
   "youradio.cz"
  ],
  "resourceTypes": [
   "media"
  ],
  "urlFilter": "||redirector.gvt1.com/videoplayback/id/"
 },
 "id": 3,
 "priority": 11
},
{
 "action": {
  "redirect": {
   "extensionPath": "/web_accessible_resources/1x1.gif"
  },
  "type": "redirect"
 },
 "condition": {
  "domainType": "thirdParty",
  "resourceTypes": [
   "image"
  ],
  "urlFilter": "||r.i0.cz^"
 },
 "id": 4,
 "priority": 11
}
]
