[
{
 "action": {
  "redirect": {
   "extensionPath": "/web_accessible_resources/noop-1s.mp4"
  },
  "type": "redirect"
 },
 "condition": {
  "initiatorDomains": [
   "beeg-pornos.com",
   "deinesexfilme.com",
   "deutscherporno.biz",
   "einfachtitten.com",
   "gutesexfilme.com",
   "halloporno.net",
   "hd-pornos.info",
   "hd-sexfilme.com",
   "hdpornos.net",
   "herzporno.com",
   "kornhub.co",
   "lesbenhd.com",
   "meinyouporn.com",
   "nursexfilme.com",
   "pornhub-sexfilme.net",
   "pornhutdeutsch.com",
   "pornoaffe.net",
   "pornodavid.com",
   "pornoente.tv",
   "pornofisch.com",
   "pornohammer.com",
   "pornohans.com",
   "pornohirsch.net",
   "pornohutdeutsch.net",
   "pornojenny.com",
   "pornoklinge.com",
   "pornoleon.com",
   "pornolisa.com",
   "pornoritze.com",
   "pornoschlange.com",
   "pornosusi.com",
   "pornotanja.com",
   "pornotom.com",
   "pornovideos-hd.com",
   "pornozebra.com",
   "sexente.com",
   "sexfilme-gratis.com",
   "sexfilme24.org",
   "sexhamster.biz",
   "sexvideos-gratis.com",
   "sexvideos-hd.com",
   "tube8-pornos.com",
   "xnxx-porno.com",
   "xnxx-pornos.xxx",
   "xnxx-sexfilme.com",
   "youporndeutsch.xyz"
  ],
  "urlFilter": "||twincdn.com/video/suslive/"
 },
 "id": 1,
 "priority": 11
},
{
 "action": {
  "redirect": {
   "extensionPath": "/web_accessible_resources/noop-1s.mp4"
  },
  "type": "redirect"
 },
 "condition": {
  "initiatorDomains": [
   "toggo.de"
  ],
  "urlFilter": "||smartclip.net/creatives/uploads/*.mp4"
 },
 "id": 4,
 "priority": 11
}
]
