[
{
 "action": {
  "redirect": {
   "extensionPath": "/web_accessible_resources/noop.js"
  },
  "type": "redirect"
 },
 "condition": {
  "initiatorDomains": [
   "myonlineradio.hu"
  ],
  "resourceTypes": [
   "script"
  ],
  "urlFilter": "||pagead2.googlesyndication.com/pagead/js/adsbygoogle.js^"
 },
 "id": 1,
 "priority": 11
},
{
 "action": {
  "redirect": {
   "extensionPath": "/web_accessible_resources/noop.css"
  },
  "type": "redirect"
 },
 "condition": {
  "initiatorDomains": [
   "online-filmek.ac",
   "online-filmek.me"
  ],
  "urlFilter": "||galaxypush.com/css/styles.min.css^"
 },
 "id": 2,
 "priority": 41
}
]
