[
{
 "action": {
  "redirect": {
   "extensionPath": "/web_accessible_resources/empty"
  },
  "type": "redirect"
 },
 "condition": {
  "resourceTypes": [
   "script"
  ],
  "urlFilter": "||yastatic.net/naydex/yandex-mail/"
 },
 "id": 1,
 "priority": 11
},
{
 "action": {
  "redirect": {
   "extensionPath": "/web_accessible_resources/empty"
  },
  "type": "redirect"
 },
 "condition": {
  "domainType": "firstParty",
  "resourceTypes": [
   "script"
  ],
  "urlFilter": "||mail.yandex.*/u2709/"
 },
 "id": 2,
 "priority": 11
},
{
 "action": {
  "redirect": {
   "extensionPath": "/web_accessible_resources/empty"
  },
  "type": "redirect"
 },
 "condition": {
  "urlFilter": "||yastatic.net/yandex-video-player-iframe-api-bundles-stable/*?adsdk-try="
 },
 "id": 594,
 "priority": 11
},
{
 "action": {
  "redirect": {
   "extensionPath": "/web_accessible_resources/empty"
  },
  "type": "redirect"
 },
 "condition": {
  "initiatorDomains": [
   "yandex.by",
   "yandex.kz",
   "yandex.ru",
   "yandex.uz"
  ],
  "regexFilter": "^https?:\\/\\/yastatic\\.net\\/www\\/_\\/[^\\s]{150,}",
  "resourceTypes": [
   "image"
  ]
 },
 "id": 595,
 "priority": 11
},
{
 "action": {
  "redirect": {
   "extensionPath": "/web_accessible_resources/empty"
  },
  "type": "redirect"
 },
 "condition": {
  "resourceTypes": [
   "script"
  ],
  "urlFilter": "||yastatic.net/naydex/autoru/"
 },
 "id": 596,
 "priority": 11
},
{
 "action": {
  "redirect": {
   "extensionPath": "/web_accessible_resources/empty"
  },
  "type": "redirect"
 },
 "condition": {
  "resourceTypes": [
   "script"
  ],
  "urlFilter": "||yandex-sport.naydex.net/"
 },
 "id": 597,
 "priority": 11
},
{
 "action": {
  "redirect": {
   "extensionPath": "/web_accessible_resources/empty"
  },
  "type": "redirect"
 },
 "condition": {
  "resourceTypes": [
   "sub_frame"
  ],
  "urlFilter": "||storage.mds.yandex.net/get-canvas-html5/*.html?link1="
 },
 "id": 598,
 "priority": 11
}
]
