[
{"action":{"redirect":{"extensionPath":"/web_accessible_resources/noop.js"},"type":"redirect"},"condition":{"initiatorDomains":["baixedetudo.net.br","fantasy.lu","haddoz.net","lawebdelprogramador.com","saludmasya.com","stardeos.com","tipsdesalud.tips","xkekos.tv"],"resourceTypes":["script","xmlhttprequest"],"urlFilter":"||pagead2.googlesyndication.com/pagead/js/adsbygoogle.js"},"id":1,"priority":11},
{"action":{"redirect":{"extensionPath":"/web_accessible_resources/googlesyndication_adsbygoogle.js"},"type":"redirect"},"condition":{"initiatorDomains":["empregoestagios.com","satcesc.com","xerifetech.com"],"resourceTypes":["script","xmlhttprequest"],"urlFilter":"||pagead2.googlesyndication.com/pagead/js/adsbygoogle.js"},"id":2,"priority":11},
{"action":{"redirect":{"extensionPath":"/web_accessible_resources/google-ima.js"},"type":"redirect"},"condition":{"initiatorDomains":["antena7.com.do","atv.pe","c9n.com.py","canal12.com.sv","canal13mexico.com","chapintv.com","cnnbrasil.com.br","ecartelera.com.mx","elcomercio.com","hunter.fm","mediasetinfinity.es","monumental.co.cr","niusdiario.es","r7.com","redbolivision.tv.bo","repretel.com","rqp.com.bo","southpark.lat","southparkstudios.com.br","suamusica.com.br","terra.com.br","tn.com.ar","tn23.tv","vtv.com.hn","youtube-player.sbtlab.io"],"resourceTypes":["script"],"urlFilter":"||imasdk.googleapis.com/js/sdkloader/ima3.js"},"id":3,"priority":11},
{"action":{"redirect":{"extensionPath":"/web_accessible_resources/noop.js"},"type":"redirect"},"condition":{"initiatorDomains":["cozinha.minhasdelicias.com","sejasaudavel.net","turismando.net"],"resourceTypes":["script"],"urlFilter":"||pagead2.googlesyndication.com/pagead/js/adsbygoogle.js"},"id":4,"priority":11},
{"action":{"redirect":{"extensionPath":"/web_accessible_resources/googlesyndication_adsbygoogle.js"},"type":"redirect"},"condition":{"initiatorDomains":["forum.lfspro.net","kepahoo.com","monarcamanga.com"],"resourceTypes":["script","xmlhttprequest"],"urlFilter":"||pagead2.googlesyndication.com/pagead/js/adsbygoogle.js"},"id":5,"priority":41},
{"action":{"redirect":{"extensionPath":"/web_accessible_resources/noop.js"},"type":"redirect"},"condition":{"initiatorDomains":["g1novelas.online"],"resourceTypes":["script"],"urlFilter":"||pagead2.googlesyndication.com/pagead/js/adsbygoogle.js"},"id":6,"priority":41},
{"action":{"redirect":{"extensionPath":"/web_accessible_resources/googlesyndication_adsbygoogle.js"},"type":"redirect"},"condition":{"initiatorDomains":["tv0800.tv"],"resourceTypes":["script"],"urlFilter":"||pagead2.googlesyndication.com/pagead/js/adsbygoogle.js"},"id":7,"priority":11},
{"action":{"redirect":{"extensionPath":"/web_accessible_resources/noop.js"},"type":"redirect"},"condition":{"initiatorDomains":["southpark.lat","southparkstudios.com.br"],"resourceTypes":["script"],"urlFilter":"||imasdk.googleapis.com/pal/sdkloader/pal.js"},"id":8,"priority":11},
{"action":{"redirect":{"extensionPath":"/web_accessible_resources/googlesyndication_adsbygoogle.js"},"type":"redirect"},"condition":{"initiatorDomains":["descargaseriestv.com","dicasvalores.com"],"resourceTypes":["script"],"urlFilter":"||pagead2.googlesyndication.com/pagead/js/adsbygoogle.js"},"id":9,"priority":41},
{"action":{"redirect":{"extensionPath":"/web_accessible_resources/noop.txt"},"type":"redirect"},"condition":{"initiatorDomains":["comando.to"],"resourceTypes":["xmlhttprequest"],"urlFilter":"||aj1907.online^"},"id":11,"priority":11},
{"action":{"redirect":{"extensionPath":"/web_accessible_resources/noop.js"},"type":"redirect"},"condition":{"initiatorDomains":["maringapost.com.br"],"resourceTypes":["script"],"urlFilter":"||imasdk.googleapis.com/js/sdkloader/ima3.js"},"id":12,"priority":11},
{"action":{"redirect":{"extensionPath":"/web_accessible_resources/noop.txt"},"type":"redirect"},"condition":{"initiatorDomains":["jovempan.uol.com.br"],"resourceTypes":["image","media","other","script","stylesheet","sub_frame","xmlhttprequest"],"urlFilter":"||static.criteo.net/js/px.js?ch="},"id":13,"priority":41},
{"action":{"redirect":{"extensionPath":"/web_accessible_resources/noop.js"},"type":"redirect"},"condition":{"initiatorDomains":["anihub.tv"],"resourceTypes":["script"],"urlFilter":"||st.bebi.com/bebi_v*.js"},"id":14,"priority":11},
{"action":{"redirect":{"extensionPath":"/web_accessible_resources/noop.txt"},"type":"redirect"},"condition":{"initiatorDomains":["jovempan.uol.com.br"],"resourceTypes":["image","media","other","script","stylesheet","sub_frame","xmlhttprequest"],"urlFilter":"||cas.criteo.com/delivery/ajs.php"},"id":15,"priority":41},
{"action":{"redirect":{"extensionPath":"/web_accessible_resources/noop.js"},"type":"redirect"},"condition":{"initiatorDomains":["serieslatinoamerica.tv"],"resourceTypes":["script"],"urlFilter":"/tghr.js"},"id":16,"priority":11},
{"action":{"redirect":{"extensionPath":"/web_accessible_resources/noop.js"},"type":"redirect"},"condition":{"initiatorDomains":["tn.com.ar"],"resourceTypes":["script"],"urlFilter":"||player.vodgc.net/dist/*/node_modules/videojs-contrib-ads/dist/videojs.ads.min.js"},"id":17,"priority":11},
{"action":{"redirect":{"extensionPath":"/web_accessible_resources/google-ima.js"},"type":"redirect"},"condition":{"initiatorDomains":["mais.sbt.com.br"],"resourceTypes":["script"],"urlFilter":"||imasdk.googleapis.com/js/sdkloader/ima3_debug.js"},"id":18,"priority":11},
{"action":{"redirect":{"extensionPath":"/web_accessible_resources/amazon_apstag.js"},"type":"redirect"},"condition":{"initiatorDomains":["terra.com.br"],"resourceTypes":["script"],"urlFilter":"||amazon-adsystem.com/aax2/apstag.js"},"id":19,"priority":11},
{"action":{"redirect":{"extensionPath":"/web_accessible_resources/googletagservices_gpt.js"},"type":"redirect"},"condition":{"initiatorDomains":["jn.pt","suamusica.com.br"],"resourceTypes":["script"],"urlFilter":"||securepubads.g.doubleclick.net/tag/js/gpt.js"},"id":20,"priority":11},
{"action":{"redirect":{"extensionPath":"/web_accessible_resources/noop.js"},"type":"redirect"},"condition":{"initiatorDomains":["elcorreo.com"],"resourceTypes":["script"],"urlFilter":"||static.vocento.com/dab/latest/strategy.js"},"id":21,"priority":41},
{"action":{"redirect":{"extensionPath":"/web_accessible_resources/noop.txt"},"type":"redirect"},"condition":{"resourceTypes":["xmlhttprequest"],"urlFilter":"||mahimeta.com/networks/ad_code.php"},"id":22,"priority":11},
{"action":{"redirect":{"extensionPath":"/web_accessible_resources/googlesyndication_adsbygoogle.js"},"type":"redirect"},"condition":{"initiatorDomains":["funzen.net"],"resourceTypes":["xmlhttprequest"],"urlFilter":"||pagead2.googlesyndication.com/pagead/js/adsbygoogle.js"},"id":23,"priority":41},
{"action":{"redirect":{"extensionPath":"/web_accessible_resources/noop-1s.mp4"},"type":"redirect"},"condition":{"initiatorDomains":["impactoespananoticias.com"],"resourceTypes":["media"],"urlFilter":"||impactoespananoticias.com/download/publicidades.video.*.mp4"},"id":24,"priority":11},
{"action":{"redirect":{"extensionPath":"/web_accessible_resources/noop-0.1s.mp3"},"type":"redirect"},"condition":{"initiatorDomains":["player.hentaistube.com"],"resourceTypes":["media"],"urlFilter":"||baixarhentais.com/*/*-pre-roll-*.mp4"},"id":26,"priority":11},
{"action":{"redirect":{"extensionPath":"/web_accessible_resources/noop-1s.mp4"},"type":"redirect"},"condition":{"resourceTypes":["media"],"urlFilter":"||hentaiporno.xxx/wp-content/uploads/*/*_video.mp4.mp4"},"id":27,"priority":11}
]
