[
{"action":{"type":"block"},"condition":{"urlFilter":".com/qc/"},"id":1,"priority":10},
{"action":{"type":"block"},"condition":{"excludedInitiatorDomains":["linkneverdie.net"],"urlFilter":".net/ads/"},"id":2,"priority":10},
{"action":{"type":"block"},"condition":{"urlFilter":".vn/ad/"},"id":3,"priority":10},
{"action":{"type":"block"},"condition":{"urlFilter":".vn/qc/"},"id":4,"priority":10},
{"action":{"type":"block"},"condition":{"requestDomains":["ad.vidverto.io","ads-cdn.fptplay.net","ads.mxhnkn.pro","ads.starzd.com","adtima-static.zascdn.me","adtimaserver.vn","ae.carnelbawrel.com","afzamltca.com","aiactiv.io","aj1047.online","aj2393.online","ajsc.yodimedia.com","amcdn.vn","api.adfly.vn","apinas.nct.vn","bidgear-syndication.com","cdn.adop.asia","cdn.adxcontent.com","cdn.tpmedia.online","cdnv.tpmedia.online","click.advertnative.com","cnt.trvdp.com","contineljs.com","cpt.geniee.jp","cv.bentsdiorism.com","delivery.yomedia.vn","distinctrobin.com","ds.recrampwiped.com","fv.togataurnfuls.com","fx.gearmanswings.com","genmonet.com","gullyending.com","i9zk5f8szj4x8saj5wcks8acja5sk1dz8stjs2g8isdcn6ejxn8zsr5xjs5h.com","iads.staticscdn.net","iads.vision","img.yeuketqua.net","immaculate-suspect.com","js.aiservice.vn","jsc.yodimedia.com","media.yomedia.vn","midgetmaying.com","mneydirec.com","mt.deimosfestuca.com","ny.foonerne.com","oursty.com","platform.adlinknetwork.vn","player.gliacloud.com","poasauwhoothy.net","pub.akadigital.vn","pub.lavamedia.vn","qc.violet.vn","qcv5.blogtruyenmoi.com","sbbanner.com","sourcetobin.com","ss.yomedia.vn","static.adconnect.vn","static.dable.io","static.eclick.vn","static.philacct.com","syphonseity.com","tags.fly-ads.net","tags.native-ad.net","ut.uranininnage.com","v9banners.com","vads.net.vn","wr.brandonketting.com"]},"id":5,"priority":10},
{"action":{"type":"block"},"condition":{"urlFilter":"/ads/popup_"},"id":6,"priority":10},
{"action":{"type":"block"},"condition":{"urlFilter":"/banner-ads."},"id":7,"priority":10},
{"action":{"type":"block"},"condition":{"excludedInitiatorDomains":["marsvenus.vn"],"urlFilter":"/banner/*.gif"},"id":8,"priority":10},
{"action":{"type":"block"},"condition":{"urlFilter":"/blueserving."},"id":9,"priority":10},
{"action":{"type":"block"},"condition":{"urlFilter":"/giadinhonline.vn/files/qc/"},"id":10,"priority":10},
{"action":{"type":"allow"},"condition":{"initiatorDomains":["4g.tintuc247.top","753x.blogspot.com","anonyviet.com","audiotruyenfull.com","chuyenreview.net","cungthi.online","dafontvn.com","dl.thuthuatjb.com","duan24h.net","gocmod.com","handydecor.com.vn","hoctoan123.com","ichi.pro","idpvn.com","imail.edu.vn","ios.codevn.net","ipacrack.com","khotailieuonthi247.com","kientruc360.info","kites.vn","lehait.net","letrongdai.vn","mifirm.net","minhpc.com","ngohoanganhtuan.com","ngohoanganhtuan.net","nhacsong.pro","phuongtrinhhoahoc.com","quangcaoyenbai.com","scanandsolegasan.com","sesenblog.com","streamc.xyz","sum.vn","taisachonthi.com","thelanb.com","thitotnghiepthpt.vn","thuthuatmeovat.net","tiengnhatdongian.com","toilaquantri.com","traderviet.tv","tromcap.com","truyenaudiocv.org","vanhoatamlinh.com","vnjpclub.com","vongquaymayman.one","vungoctuan.vn","web1s.asia","windowslite.net","www.gvnvh.net","www.iosviet.com","xaydungplus.com","yhocdata.com"],"resourceTypes":["image","script","xmlhttprequest"],"urlFilter":"||pagead2.googlesyndication.com^"},"id":11,"priority":30},
{"action":{"type":"block"},"condition":{"initiatorDomains":["ghienphim.social","ketqua247vn.vip","mv.dailyphimz.com","mv.phimmoiaz.cc","mythethao.net","phimmoi.sale","rophim.site","rophimz.online","rophimz.top","s3.chinav.sex","tv.tvhayhd.org","vtipster.net","vutruphim.tv","xemtivi4k.com"],"resourceTypes":["image"],"urlFilter":"||i.imgur.com^*.gif"},"id":12,"priority":10},
{"action":{"type":"block"},"condition":{"urlFilter":"/polyad."},"id":13,"priority":10},
{"action":{"type":"block"},"condition":{"urlFilter":"/popunder7."},"id":14,"priority":10},
{"action":{"type":"block"},"condition":{"excludedInitiatorDomains":["thegioididong.com"],"urlFilter":"/qcao/"},"id":15,"priority":10},
{"action":{"type":"block"},"condition":{"urlFilter":"/quang%20cao/"},"id":16,"priority":10},
{"action":{"type":"block"},"condition":{"urlFilter":"/quang_cao/"},"id":17,"priority":10},
{"action":{"type":"block"},"condition":{"urlFilter":"/quangcao."},"id":18,"priority":10},
{"action":{"type":"block"},"condition":{"urlFilter":"/quangcao/"},"id":19,"priority":10},
{"action":{"type":"block"},"condition":{"urlFilter":"/root/ads/"},"id":20,"priority":10},
{"action":{"type":"block"},"condition":{"urlFilter":"/sbbanner.com"},"id":21,"priority":10},
{"action":{"type":"block"},"condition":{"urlFilter":"/stores/ads_data/"},"id":22,"priority":10},
{"action":{"type":"block"},"condition":{"urlFilter":"/taichinhdoanhnghiep.net.vn/files/qc"},"id":23,"priority":10},
{"action":{"type":"block"},"condition":{"initiatorDomains":["afamily.vn","cafef.vn","gamek.vn","genk.vn","kenh14.vn","soha.vn","thanhnien.vn","tuoitre.vn"],"urlFilter":"/tracking_info.gif"},"id":24,"priority":10},
{"action":{"type":"block"},"condition":{"excludedInitiatorDomains":["danet.vn"],"urlFilter":"/videojs.ads."},"id":25,"priority":10},
{"action":{"type":"block"},"condition":{"excludedInitiatorDomains":["earthcam.com","jut.su"],"urlFilter":"/videojs.ima.js"},"id":26,"priority":10},
{"action":{"type":"block"},"condition":{"domainType":"thirdParty","requestDomains":["adflex.vn","adpia.vn","adtima.vn","ants.vn","blueseeddigital.com","fundingchoicesmessages.google.com","gammaplatform.com","genieesspv.jp","meta.vn","onnetwork.tv","pub.lavanetwork.net","qc.coccoc.com","realclick.vn"]},"id":27,"priority":10},
{"action":{"type":"block"},"condition":{"initiatorDomains":["fulllivehot.live","haysexvl.com","heohay.net","motchill21.com","pheclip.pro","phevkl.fit","phim18vip.vip","sexhihiz.mx","sieudam.vet","viet69.press","vlsexdam.net","vlxx.bz","www.motchill21.com"],"resourceTypes":["image"],"urlFilter":"||quoracdn.net^"},"id":28,"priority":10},
{"action":{"type":"block"},"condition":{"urlFilter":"||123nhadatviet.com/media/ck/banners/"},"id":29,"priority":10},
{"action":{"type":"block"},"condition":{"urlFilter":"||123nhadatviet.net/media/ck/banners/"},"id":30,"priority":10},
{"action":{"type":"block"},"condition":{"urlFilter":"||2banh.vn/images/banners/"},"id":31,"priority":10},
{"action":{"type":"block"},"condition":{"urlFilter":"||ads*.autodaily.vn"},"id":32,"priority":10},
{"action":{"type":"block"},"condition":{"initiatorDomains":["cesky-dialog.net","kajoog.org","keonhacai55.chat","listnhacai88.com","mitomzc.cc","motchill21.com","plcdn.xyz","rakhoixv.cc","vebotz.cc","visitfrenchwine.com","ww38.xemtivingon.org","www.motchill21.com"],"urlFilter":"/i.imgur.com/*.gif"},"id":33,"priority":10},
{"action":{"type":"block"},"condition":{"initiatorDomains":["banbuondalat.com","diendanit.net","nhacdj.vn","phim18hdxx.com","phimbet.biz","phym18.lol","www.ssphim.us","xamvn.blog","xem.tructiepnba.me"],"resourceTypes":["image"],"urlFilter":"||i.imgur.com^"},"id":34,"priority":10},
{"action":{"type":"allow"},"condition":{"initiatorDomains":["24h.com.vn","danet.vn","fptplay.vn","game24h.vn","sctvonline.vn","toku.strp2p.com","vieon.vn","vtvgo.vn"],"resourceTypes":["script","xmlhttprequest"],"urlFilter":"||imasdk.googleapis.com^"},"id":35,"priority":30},
{"action":{"type":"block"},"condition":{"initiatorDomains":["mythethao.net"],"urlFilter":"||asecdn.w88media.com/vn/250x250-vn.gif"},"id":36,"priority":10},
{"action":{"type":"block"},"condition":{"resourceTypes":["image"],"urlFilter":"||image-eu-na-ctnytbefjq.4shares.live/90link/*.gif"},"id":37,"priority":10},
{"action":{"type":"block"},"condition":{"urlFilter":"||baonga.com/fileupload/images/*banner"},"id":38,"priority":10},
{"action":{"type":"block"},"condition":{"initiatorDomains":["bongdainfox.tv","cesky-dialog.net","mitomzc.cc","rakhoixv.cc","vebotz.cc","visitfrenchwine.com"],"resourceTypes":["image"],"urlFilter":"||cdn.lfastcdn.com^*.gif"},"id":39,"priority":10},
{"action":{"type":"block"},"condition":{"initiatorDomains":["hhninja27.tv","hhtm.net","phimhaytv.biz","phimhoathinh3d.vip","yanhh3d.vip"],"resourceTypes":["image"],"urlFilter":"||blogger.googleusercontent.com^"},"id":40,"priority":10},
{"action":{"type":"block"},"condition":{"initiatorDomains":["phimno1.pro"],"urlFilter":"||github.com/vietcodeno1/basic-lesson/"},"id":41,"priority":10},
{"action":{"type":"block"},"condition":{"urlFilter":"||chodansinh.net^*.gif"},"id":42,"priority":10},
{"action":{"type":"block"},"condition":{"urlFilter":"||chotlo3s.com^*gif"},"id":43,"priority":10},
{"action":{"type":"block"},"condition":{"urlFilter":"||code.gunnymienphi.net^*.gif"},"id":44,"priority":10},
{"action":{"type":"block"},"condition":{"urlFilter":"||danketoan.com/banner/"},"id":45,"priority":10},
{"action":{"type":"block"},"condition":{"initiatorDomains":["phevkl.fit","teletiengviet.com","tuoi69m.net","tuoinung.mom","viet69.press"],"resourceTypes":["image"],"urlFilter":"/wp-content/uploads/*.gif"},"id":46,"priority":10},
{"action":{"type":"block"},"condition":{"initiatorDomains":["hhtq13.vip","hhtq3d.net","hhtq5.vip","hhvietsub.com","hhvsub1.com"],"resourceTypes":["image"],"urlFilter":"||s2.truyentot.com^*.gif"},"id":47,"priority":10},
{"action":{"type":"block"},"condition":{"urlFilter":"||forum.idichvuseo.com/images/quang-cao"},"id":48,"priority":10},
{"action":{"type":"block"},"condition":{"initiatorDomains":["goatembed.com","www.rophim.me"],"resourceTypes":["image"],"urlFilter":"||i.finallygotthexds.site/vpromolink/"},"id":49,"priority":10},
{"action":{"type":"block"},"condition":{"initiatorDomains":["mythethao.net"],"urlFilter":"||fun6668.com/banner/"},"id":50,"priority":10},
{"action":{"type":"block"},"condition":{"initiatorDomains":["phim18vip.vip","phimsexsub.website","phym18.lol","thefaplive.com"],"resourceTypes":["image"],"urlFilter":"||discordapp."},"id":51,"priority":10},
{"action":{"type":"block"},"condition":{"initiatorDomains":["home1.mannhan22.pro","mannhan97.xyz","mn.mediastation.live"],"resourceTypes":["image"],"urlFilter":"||mediastation.live^*.gif"},"id":52,"priority":10},
{"action":{"type":"block"},"condition":{"initiatorDomains":["anime11.site","hayhaytv.site"],"resourceTypes":["image"],"urlFilter":"||api.anime3s.com^*.gif"},"id":53,"priority":10},
{"action":{"type":"block"},"condition":{"initiatorDomains":["nettruyenar.com","nettruyenvia.com"],"resourceTypes":["image"],"urlFilter":"||newoneinoldoneout.pro/banners-web/"},"id":54,"priority":10},
{"action":{"type":"block"},"condition":{"initiatorDomains":["nhadautu.vn"],"urlFilter":"||i.ex-cdn.com/nhadautu.vn/files/qc/"},"id":55,"priority":10},
{"action":{"type":"block"},"condition":{"initiatorDomains":["vozer.net"],"urlFilter":"||i.imgur.com/81uid6d.jpg"},"id":56,"priority":10},
{"action":{"type":"block"},"condition":{"initiatorDomains":["vozer.net"],"urlFilter":"||i.imgur.com/fbuh5aq.png"},"id":57,"priority":10},
{"action":{"type":"block"},"condition":{"initiatorDomains":["gocmod.com"],"urlFilter":"||i45.servimg.com/u/f45/"},"id":58,"priority":10},
{"action":{"type":"block"},"condition":{"urlFilter":"||iamcdn.net/players/playera.dmins.js"},"id":59,"priority":10},
{"action":{"type":"block"},"condition":{"urlFilter":"||iamcdn.net/players/playhydraxs.min.js"},"id":60,"priority":10},
{"action":{"type":"block"},"condition":{"urlFilter":"||kenhgamez.co^*.gif"},"id":61,"priority":10},
{"action":{"type":"block"},"condition":{"initiatorDomains":["javnong.cc","phimtuoitho.tv"],"resourceTypes":["image"],"urlFilter":"||i.ibb.co^*.gif"},"id":62,"priority":10},
{"action":{"type":"block"},"condition":{"urlFilter":"||kienthuc.net.vn/*.ads"},"id":63,"priority":10},
{"action":{"type":"block"},"condition":{"urlFilter":"||laodong.vn/*quangcaoonline"},"id":64,"priority":10},
{"action":{"type":"block"},"condition":{"urlFilter":"||maclife.io^*.gif"},"id":65,"priority":10},
{"action":{"type":"block"},"condition":{"urlFilter":"||mocfun.net/uploads/banners/"},"id":66,"priority":10},
{"action":{"type":"block"},"condition":{"initiatorDomains":["boctem.com","hayhaytv.site","mn.mediastation.live","phimdacap.tv","player.cloudbeta.win","tvzinghd.co"],"resourceTypes":["script"],"urlFilter":"/vast.js"},"id":67,"priority":10},
{"action":{"type":"block"},"condition":{"initiatorDomains":["phimchill.life","phimmois.click"],"resourceTypes":["image"],"urlFilter":"||tizihay.com^*.gif"},"id":68,"priority":10},
{"action":{"type":"block"},"condition":{"urlFilter":"||nhipcaudautu.vn/media/*.gif"},"id":69,"priority":10},
{"action":{"type":"block"},"condition":{"urlFilter":"||notepad.vn/media/images/like68.jpg"},"id":70,"priority":10},
{"action":{"type":"block"},"condition":{"initiatorDomains":["90phuttv.link","thapcamtvz.net"],"resourceTypes":["image"],"urlFilter":"||thapcamtvz.net^*.gif"},"id":71,"priority":10},
{"action":{"type":"block"},"condition":{"initiatorDomains":["phimsexvl69.net","vlxx.rip"],"resourceTypes":["image"],"urlFilter":"||cdn-01.w3img.com^*.gif"},"id":72,"priority":10},
{"action":{"type":"block"},"condition":{"initiatorDomains":["90phuttv.link","live4.vebo4.net"],"urlFilter":"||photo2.tinhte.vn^*.gif"},"id":73,"priority":10},
{"action":{"type":"block"},"condition":{"urlFilter":"||photo2.tinhte.vn/data/attachment-files/*banner"},"id":74,"priority":10},
{"action":{"type":"block"},"condition":{"initiatorDomains":["fullcliphot.net","fulllivehot.live"],"resourceTypes":["image"],"urlFilter":"||xfast.sbs/media/"},"id":75,"priority":10},
{"action":{"type":"block"},"condition":{"initiatorDomains":["phe18.vip","phimxxx.ai"],"urlFilter":"||hellobabygirl.live/*/adx*.js"},"id":76,"priority":10},
{"action":{"type":"block"},"condition":{"initiatorDomains":["nettruyenar.com","nettruyenvia.com"],"resourceTypes":["script"],"urlFilter":"||newoneinoldoneout.pro/popup"},"id":77,"priority":10},
{"action":{"type":"block"},"condition":{"initiatorDomains":["hhtqvietsub.cc"],"urlFilter":"||googleusercontent.com^"},"id":78,"priority":10},
{"action":{"type":"block"},"condition":{"initiatorDomains":["hentaivn.uk","www.gvnvh.net"],"resourceTypes":["image"],"urlFilter":"||blogger.googleusercontent.com^*.gif"},"id":79,"priority":10},
{"action":{"type":"block"},"condition":{"urlFilter":"||sggp.org.vn/*banner"},"id":80,"priority":10},
{"action":{"type":"block"},"condition":{"initiatorDomains":["phevkl.fit","viet69.press"],"resourceTypes":["script"],"urlFilter":"||qcvip.xyz^"},"id":81,"priority":10},
{"action":{"type":"block"},"condition":{"resourceTypes":["image"],"urlFilter":"||sexhd88.online/wp-content/themes/vidorev/img/jun881.png"},"id":82,"priority":10},
{"action":{"type":"block"},"condition":{"urlFilter":"||sohuutritue.net.vn/files/qc/"},"id":83,"priority":10},
{"action":{"type":"block"},"condition":{"initiatorDomains":["monkeyd.net.vn"],"resourceTypes":["image"],"urlFilter":"||cdn.monkeydarchive.com/images/banner/"},"id":84,"priority":10},
{"action":{"type":"block"},"condition":{"initiatorDomains":["yeuphim.fit"],"urlFilter":"||s2.phim1280.tv/adjump"},"id":85,"priority":10},
{"action":{"type":"block"},"condition":{"initiatorDomains":["ybox.vn"],"urlFilter":"||static.ybox.vn^*.gif"},"id":86,"priority":10},
{"action":{"type":"block"},"condition":{"initiatorDomains":["live.7mvn5.com"],"urlFilter":"||xc.1357668.com^*.gif"},"id":87,"priority":10},
{"action":{"type":"block"},"condition":{"urlFilter":"||thoigian.com.vn^*.gif"},"id":88,"priority":10},
{"action":{"type":"block"},"condition":{"urlFilter":"||thuysanvietnam.com.vn^*.gif"},"id":89,"priority":10},
{"action":{"type":"block"},"condition":{"urlFilter":"||tinhayvip.com^*.gif"},"id":90,"priority":10},
{"action":{"type":"block"},"condition":{"urlFilter":"||tinmoi.vn/?mod=ajax&act=getads"},"id":91,"priority":10},
{"action":{"type":"block"},"condition":{"urlFilter":"||toithuthuat.com^*.gif"},"id":92,"priority":10},
{"action":{"type":"block"},"condition":{"initiatorDomains":["bunchatv3.com"],"resourceTypes":["image"],"urlFilter":"||cdn-live.taoxanh.biz^*.gif"},"id":93,"priority":10},
{"action":{"type":"block"},"condition":{"urlFilter":"||tructiep.vn/website/adv/"},"id":94,"priority":10},
{"action":{"type":"block"},"condition":{"urlFilter":"||truyenconect.com/uploads/*-truyenconect_com-*."},"id":95,"priority":10},
{"action":{"type":"block"},"condition":{"initiatorDomains":["phimmois.click"],"resourceTypes":["image"],"urlFilter":"||blvtap.com^*.gif"},"id":96,"priority":10},
{"action":{"type":"block"},"condition":{"initiatorDomains":["nghenhinvietnam.vn"],"urlFilter":"||ads.nghenhinvietnam.vn^"},"id":97,"priority":10},
{"action":{"type":"block"},"condition":{"urlFilter":"||tudomuaban.com/public/upload/ad/"},"id":98,"priority":10},
{"action":{"type":"block"},"condition":{"urlFilter":"||tuviso.com/public/media//banner/"},"id":99,"priority":10},
{"action":{"type":"block"},"condition":{"resourceTypes":["image"],"urlFilter":"||sexhd88.online^*.gif"},"id":100,"priority":10},
{"action":{"type":"block"},"condition":{"initiatorDomains":["animevietsub.cam"],"resourceTypes":["image"],"urlFilter":"||lh3.googleusercontent.com/*=s0"},"id":101,"priority":10},
{"action":{"type":"block"},"condition":{"initiatorDomains":["www.rophim.me"],"resourceTypes":["image"],"urlFilter":"||i.imghippo.com/files/"},"id":102,"priority":10},
{"action":{"type":"block"},"condition":{"initiatorDomains":["rophim.site","rophimz.online","rophimz.top"],"resourceTypes":["image"],"urlFilter":"||github.com/user-attachments/assets/"},"id":103,"priority":10},
{"action":{"type":"block"},"condition":{"urlFilter":"||vnesports.net^*.gif"},"id":104,"priority":10},
{"action":{"type":"block"},"condition":{"urlFilter":"||vov.vn/ads/show-ads"},"id":105,"priority":10},
{"action":{"type":"block"},"condition":{"initiatorDomains":["thempho2.com"],"urlFilter":"||static.stream68.cloud/candy/video/"},"id":106,"priority":10},
{"action":{"type":"block"},"condition":{"initiatorDomains":["tuoitre.vn"],"urlFilter":"||raovat.tuoitre.vn^"},"id":107,"priority":10},
{"action":{"type":"block"},"condition":{"urlFilter":"||www.thuocbietduoc.com.vn/adv/"},"id":108,"priority":10},
{"action":{"type":"block"},"condition":{"initiatorDomains":["thichxemphim1.site"],"urlFilter":"||thichxemphim1.site/wp-content/themes/halimmovies-child/jscm.min.js"},"id":109,"priority":10},
{"action":{"type":"block"},"condition":{"urlFilter":"||zaloweb."},"id":110,"priority":10},
{"action":{"type":"block"},"condition":{"initiatorDomains":["xemphimviet.page"],"resourceTypes":["image"],"urlFilter":"||ghienphim.blog^*.gif"},"id":111,"priority":10},
{"action":{"type":"block"},"condition":{"initiatorDomains":["phimtuoitho.tv"],"resourceTypes":["image"],"urlFilter":"||iili.io^*.gif"},"id":112,"priority":10},
{"action":{"type":"block"},"condition":{"urlFilter":"||ngaytho.me^*.gif"},"id":113,"priority":10},
{"action":{"type":"block"},"condition":{"initiatorDomains":["xemtivi4k.com"],"resourceTypes":["image"],"urlFilter":"||bp.blogspot.com^"},"id":114,"priority":10},
{"action":{"type":"block"},"condition":{"urlFilter":"||phym18.lol/static/js/adlia.js"},"id":115,"priority":10},
{"action":{"type":"block"},"condition":{"urlFilter":"||rphang.online^*.gif"},"id":116,"priority":10},
{"action":{"type":"block"},"condition":{"initiatorDomains":["motchillvl.com"],"urlFilter":"||ax.mpcdn.top^*.gif"},"id":117,"priority":10},
{"action":{"type":"block"},"condition":{"urlFilter":"||truyensextv.com^*.gif"},"id":118,"priority":10},
{"action":{"type":"block"},"condition":{"initiatorDomains":["motchillk.tv"],"resourceTypes":["script"],"urlFilter":"/pop.js"},"id":119,"priority":10},
{"action":{"type":"block"},"condition":{"resourceTypes":["image","script","sub_frame"],"urlFilter":".tv/ads/"},"id":120,"priority":10},
{"action":{"type":"block"},"condition":{"initiatorDomains":["bongdaso66.net"],"resourceTypes":["image"],"urlFilter":"/adv/"},"id":121,"priority":10},
{"action":{"type":"block"},"condition":{"resourceTypes":["media"],"urlFilter":"||image-eu-na-ctnytbefjq.4shares.live/90link/*.mp4"},"id":122,"priority":10},
{"action":{"type":"block"},"condition":{"initiatorDomains":["gavangtv9.net"],"resourceTypes":["image"],"urlFilter":"||stc02bc54661548.cloud.anycastapnic.com^*gif"},"id":123,"priority":10},
{"action":{"type":"block"},"condition":{"resourceTypes":["image"],"urlFilter":"/newchill/*gif"},"id":124,"priority":10},
{"action":{"type":"block"},"condition":{"resourceTypes":["image","script"],"urlFilter":"/storage.adpia.vn"},"id":125,"priority":10},
{"action":{"type":"block"},"condition":{"resourceTypes":["image"],"urlFilter":"||animevietsubs.net/vast/"},"id":126,"priority":10},
{"action":{"type":"block"},"condition":{"initiatorDomains":["genzsex.blog"],"resourceTypes":["image"],"urlFilter":"||l1.stream4k.online^*.gif"},"id":127,"priority":10},
{"action":{"type":"block"},"condition":{"urlFilter":"||phimnhua.fefim.com^*.gif"},"id":128,"priority":10},
{"action":{"type":"block"},"condition":{"resourceTypes":["image"],"urlFilter":"||blog.abit.vn/wp-content/uploads/2020/05/abit_"},"id":129,"priority":10},
{"action":{"type":"block"},"condition":{"initiatorDomains":["phimmoi.sale"],"resourceTypes":["image"],"urlFilter":"||image.cdend.com^*.gif"},"id":130,"priority":10},
{"action":{"type":"allow"},"condition":{"initiatorDomains":["cungthi.online"],"urlFilter":"||googleads.g.doubleclick.net/pagead/"},"id":131,"priority":30},
{"action":{"type":"block"},"condition":{"excludedInitiatorDomains":["aowvn.org","www.umu.pro.vn"],"resourceTypes":["image"],"urlFilter":"||bp.blogspot.com/*banner"},"id":132,"priority":10},
{"action":{"type":"block"},"condition":{"initiatorDomains":["gametv.vn"],"resourceTypes":["image"],"urlFilter":"||cdn-data.gtvplus.vn/banners/"},"id":133,"priority":10},
{"action":{"type":"block"},"condition":{"initiatorDomains":["cungtv.xyz"],"resourceTypes":["image"],"urlFilter":"||github.com^"},"id":134,"priority":10},
{"action":{"type":"block"},"condition":{"initiatorDomains":["webhoctienganh.com"],"resourceTypes":["image"],"urlFilter":"||cdn.webhoctienganh.com/asset/home/img/banner/"},"id":135,"priority":10},
{"action":{"type":"block"},"condition":{"initiatorDomains":["phimmoi.cash"],"resourceTypes":["image"],"urlFilter":"||pub-5fed774e465e4b98976b32ac90065247.r2.dev^*.gif"},"id":136,"priority":10},
{"action":{"type":"block"},"condition":{"resourceTypes":["image"],"urlFilter":"||survey-smiles.com/wp-content/plugins/banner-management/"},"id":137,"priority":10},
{"action":{"type":"block"},"condition":{"resourceTypes":["image"],"urlFilter":"||xemphimviet.page^*.gif"},"id":138,"priority":10},
{"action":{"type":"block"},"condition":{"initiatorDomains":["giavang.org"],"resourceTypes":["image"],"urlFilter":"||cdn.giavang.org/images/ads/"},"id":139,"priority":10},
{"action":{"type":"block"},"condition":{"initiatorDomains":["thempho2.com"],"resourceTypes":["image"],"urlFilter":"||static.stream68.cloud/candy/image/*.gif"},"id":140,"priority":10},
{"action":{"type":"block"},"condition":{"resourceTypes":["image"],"urlFilter":"||anime1s.net/_next/image?url=https%3a%2f%2flh3.googleusercontent.com"},"id":141,"priority":10},
{"action":{"type":"block"},"condition":{"initiatorDomains":["nettruyenar.com"],"resourceTypes":["script"],"urlFilter":"||newoneinoldoneout.pro/zrlosadr.js"},"id":142,"priority":10},
{"action":{"type":"block"},"condition":{"initiatorDomains":["diendanmaychu.vn"],"resourceTypes":["image"],"urlFilter":"||hinhso.com^"},"id":143,"priority":10},
{"action":{"type":"block"},"condition":{"initiatorDomains":["dangcongsan.vn"],"resourceTypes":["image"],"urlFilter":"||file1.dangcongsan.vn^*.gif"},"id":144,"priority":10},
{"action":{"type":"block"},"condition":{"initiatorDomains":["thempho2.com"],"resourceTypes":["image"],"urlFilter":"||static.stream68.cloud/candy/image/1280x274"},"id":145,"priority":10},
{"action":{"type":"block"},"condition":{"resourceTypes":["image"],"urlFilter":"||nmshsa.com^*.gif"},"id":146,"priority":10},
{"action":{"type":"block"},"condition":{"initiatorDomains":["motphimchill.live"],"resourceTypes":["image"],"urlFilter":"||imagedelivery.net^"},"id":147,"priority":10},
{"action":{"type":"block"},"condition":{"resourceTypes":["image"],"urlFilter":"||goal.90phut24.xyz^*.gif"},"id":148,"priority":10},
{"action":{"type":"block"},"condition":{"initiatorDomains":["clipsex.cam"],"resourceTypes":["script"],"urlFilter":"/theme/custom.int.js"},"id":149,"priority":10},
{"action":{"type":"block"},"condition":{"urlFilter":"||ghienphim.social/client_assets/js/minijumb.js"},"id":150,"priority":10},
{"action":{"type":"block"},"condition":{"urlFilter":"||anime11.site^*.gif"},"id":151,"priority":10},
{"action":{"type":"block"},"condition":{"resourceTypes":["image"],"urlFilter":"||ghienphim.social^*.gif"},"id":152,"priority":10},
{"action":{"type":"block"},"condition":{"resourceTypes":["image"],"urlFilter":"||hhkungfu.club/88vn"},"id":153,"priority":10},
{"action":{"type":"block"},"condition":{"resourceTypes":["image"],"urlFilter":"||clipsexsub3x.net^*.gif"},"id":154,"priority":10},
{"action":{"type":"block"},"condition":{"initiatorDomains":["nghean24h.vn"],"resourceTypes":["image"],"urlFilter":"||media.nghean24h.vn^"},"id":155,"priority":10},
{"action":{"type":"block"},"condition":{"resourceTypes":["image"],"urlFilter":"||anhgaixinh.online^*.webp"},"id":156,"priority":10},
{"action":{"type":"block"},"condition":{"initiatorDomains":["truyenqqgo.com"],"resourceTypes":["image"],"urlFilter":"||mplmncb.com/banners-web"},"id":157,"priority":10},
{"action":{"type":"block"},"condition":{"urlFilter":"||www.bongdalu800.com^*.gif"},"id":158,"priority":10},
{"action":{"type":"block"},"condition":{"resourceTypes":["image"],"urlFilter":"||img.iketqua.com^*.gif"},"id":159,"priority":10},
{"action":{"type":"block"},"condition":{"resourceTypes":["image"],"urlFilter":"||anime1s.net/_next/image?url=https%3a%2f%2f*.ibyteimg.com"},"id":160,"priority":10},
{"action":{"type":"block"},"condition":{"initiatorDomains":["motchillvl.com"],"resourceTypes":["script"],"urlFilter":"||ax.mpcdn.top/tags/js?id=motchill"},"id":161,"priority":10},
{"action":{"type":"block"},"condition":{"resourceTypes":["script"],"urlFilter":"/lv/esnk/"},"id":162,"priority":10},
{"action":{"type":"block"},"condition":{"resourceTypes":["image"],"urlFilter":"||motchillj.uk/banner"},"id":163,"priority":10},
{"action":{"type":"block"},"condition":{"initiatorDomains":["phimxxx.ai"],"resourceTypes":["image"],"urlFilter":"||imgcdn.henho24h.net/images/"},"id":164,"priority":10},
{"action":{"type":"block"},"condition":{"resourceTypes":["image"],"urlFilter":"||listnhacai88.com^*.gif"},"id":165,"priority":10},
{"action":{"type":"block"},"condition":{"resourceTypes":["image"],"urlFilter":"||javtopxx.com^*.gif"},"id":166,"priority":10},
{"action":{"type":"block"},"condition":{"initiatorDomains":["truyenqqgo.com"],"resourceTypes":["script"],"urlFilter":"||mplmncb.com/popup/"},"id":167,"priority":10},
{"action":{"type":"block"},"condition":{"initiatorDomains":["vanphatelectric.com"],"resourceTypes":["script"],"urlFilter":"||cdn.jsdelivr.net/gh/ngylduy/blog@b844bfe/js/adsenseads.min.js"},"id":168,"priority":10},
{"action":{"type":"allow"},"condition":{"initiatorDomains":["www.gaingon18.me"],"urlFilter":"||pagead2.googlesyndication.com^"},"id":169,"priority":30},
{"action":{"type":"block"},"condition":{"initiatorDomains":["phimxxx.ai"],"resourceTypes":["image"],"urlFilter":"||imgcdn.mikelarsenal.pro/images/"},"id":170,"priority":10},
{"action":{"type":"block"},"condition":{"resourceTypes":["image"],"urlFilter":"||phim.vkool8.net/images/ads/"},"id":171,"priority":10},
{"action":{"type":"block"},"condition":{"resourceTypes":["image"],"urlFilter":"||motchillfm.to^*.gif"},"id":172,"priority":10},
{"action":{"type":"block"},"condition":{"resourceTypes":["image"],"urlFilter":"||phimmoichillz.my/pop"},"id":173,"priority":10},
{"action":{"type":"block"},"condition":{"resourceTypes":["image"],"urlFilter":"||phimmoichillz.my^*.gif"},"id":174,"priority":10},
{"action":{"type":"block"},"condition":{"resourceTypes":["image"],"urlFilter":"||phimreview.org^*.gif"},"id":175,"priority":10},
{"action":{"type":"block"},"condition":{"resourceTypes":["image"],"urlFilter":"||hhkungfu.club/baner-6686"},"id":176,"priority":10},
{"action":{"type":"allow"},"condition":{"initiatorDomains":["game24h.vn"],"resourceTypes":["script","xmlhttprequest"],"urlFilter":"||services.vlitag.com^"},"id":177,"priority":30},
{"action":{"type":"block"},"condition":{"resourceTypes":["image"],"urlFilter":"||xamer.xyz/styles/file/"},"id":178,"priority":10},
{"action":{"type":"block"},"condition":{"resourceTypes":["image"],"urlFilter":"||quaivatdienanh.com/*banner"},"id":179,"priority":10},
{"action":{"type":"block"},"condition":{"urlFilter":"||lxmanga.my/storage/images/banners"},"id":180,"priority":10},
{"action":{"type":"block"},"condition":{"domainType":"firstParty","resourceTypes":["script"],"urlFilter":"||tvzinghd.co/wp-content/themes/zingtv/js/qci9bc.js"},"id":181,"priority":10},
{"action":{"type":"block"},"condition":{"resourceTypes":["image"],"urlFilter":"||motchillk.tv^*.gif"},"id":182,"priority":10},
{"action":{"type":"allow"},"condition":{"initiatorDomains":["the.tube"],"resourceTypes":["xmlhttprequest"],"urlFilter":"||www3.doubleclick.net^"},"id":183,"priority":30},
{"action":{"type":"block"},"condition":{"initiatorDomains":["metruyencv.com"],"resourceTypes":["image"],"urlFilter":"||static.cdnno.com/storage/topbox/*.webp"},"id":184,"priority":10},
{"action":{"type":"block"},"condition":{"initiatorDomains":["buomtv.live"],"resourceTypes":["image"],"urlFilter":"||uimg.buomtv.io/palivn/ad/"},"id":185,"priority":10},
{"action":{"type":"block"},"condition":{"resourceTypes":["image"],"urlFilter":"||suckhoelamdep.vn^*.gif"},"id":186,"priority":10},
{"action":{"type":"block"},"condition":{"resourceTypes":["image"],"urlFilter":"||tailieuvnu.com/wp-content/uploads/2022/12/28/shopee-2*.png"},"id":187,"priority":10},
{"action":{"type":"block"},"condition":{"resourceTypes":["image"],"urlFilter":"||tepbac.com/upload/advertiment/"},"id":188,"priority":10},
{"action":{"type":"block"},"condition":{"resourceTypes":["image"],"urlFilter":"||thoigian.com.vn/mfiles/n/06/"},"id":189,"priority":10},
{"action":{"type":"block"},"condition":{"domainType":"thirdParty","initiatorDomains":["sexdiaryx.to"],"resourceTypes":["script"]},"id":190,"priority":10},
{"action":{"type":"block"},"condition":{"resourceTypes":["image"],"urlFilter":"||img.mmo4me.com/image.php?di=0qi2"},"id":191,"priority":10},
{"action":{"type":"block"},"condition":{"resourceTypes":["image"],"urlFilter":"||traderviet.tv/data/siropu/am/user/"},"id":192,"priority":10},
{"action":{"type":"block"},"condition":{"resourceTypes":["image"],"urlFilter":"||visitfrenchwine.com/wp-content/themes/bongda/dist/images/company/21.png"},"id":193,"priority":10},
{"action":{"type":"block"},"condition":{"initiatorDomains":["vn-z.vn"],"resourceTypes":["image"],"urlFilter":"||upanh.vn-z.vn/images/2024/05/20/ban-sao-deskin-banner-1.jpeg"},"id":194,"priority":10},
{"action":{"type":"block"},"condition":{"resourceTypes":["image"],"urlFilter":"||vesotantai.com/upload/photo/"},"id":195,"priority":10},
{"action":{"type":"block"},"condition":{"resourceTypes":["image"],"urlFilter":"||wibu47.com^*.gif"},"id":196,"priority":10},
{"action":{"type":"block"},"condition":{"initiatorDomains":["xnhau.sh"],"resourceTypes":["media"],"urlFilter":"||xnhau.blog^"},"id":197,"priority":10},
{"action":{"type":"block"},"condition":{"excludedInitiatorDomains":["cdn2.kenhvn2.com"],"urlFilter":"/ads/*.gif"},"id":198,"priority":10},
{"action":{"type":"block"},"condition":{"resourceTypes":["image"],"urlFilter":"||www.thuocbietduoc.com.vn/aqc/"},"id":199,"priority":10},
{"action":{"type":"block"},"condition":{"resourceTypes":["image"],"urlFilter":"||xahoingaynay.com.vn/upload/"},"id":200,"priority":10},
{"action":{"type":"block"},"condition":{"initiatorDomains":["antt.vn"],"resourceTypes":["image"],"urlFilter":"||xmedia.antt.vn/upload/*.gif"},"id":201,"priority":10},
{"action":{"type":"block"},"condition":{"resourceTypes":["image"],"urlFilter":"||sieukhung.fan^*.gif"},"id":202,"priority":10},
{"action":{"type":"block"},"condition":{"initiatorDomains":["truyenqqgo.com"],"resourceTypes":["script"],"urlFilter":"||mplmncb.com/banners-web/"},"id":203,"priority":10},
{"action":{"type":"block"},"condition":{"resourceTypes":["xmlhttprequest"],"urlFilter":"||client.rigelink.com/delivery/"},"id":204,"priority":10},
{"action":{"type":"block"},"condition":{"initiatorDomains":["yanhh3d.vip"],"resourceTypes":["script"],"urlFilter":"||pokokopo.com/hh.js"},"id":205,"priority":10},
{"action":{"type":"block"},"condition":{"domainType":"firstParty","urlFilter":"||noitu.site^*.gif,"},"id":206,"priority":10},
{"action":{"type":"block"},"condition":{"resourceTypes":["image"],"urlFilter":"||subnhanhcx.net/400x300.jpg"},"id":207,"priority":10},
{"action":{"type":"block"},"condition":{"resourceTypes":["image"],"urlFilter":"||cliphotvn69.com^*.gif"},"id":208,"priority":10},
{"action":{"type":"block"},"condition":{"resourceTypes":["image"],"urlFilter":"||truyenchufull.info/ads/"},"id":209,"priority":10},
{"action":{"type":"block"},"condition":{"domainType":"firstParty","resourceTypes":["script"],"urlFilter":"||run.vn/widget"},"id":210,"priority":10},
{"action":{"type":"block"},"condition":{"resourceTypes":["image"],"urlFilter":"||cliphot69.shop^*.gif"},"id":211,"priority":10},
{"action":{"type":"block"},"condition":{"urlFilter":"||vsc69.com/wp-content/themes/vuasanco/assets/scripts/scripts.js"},"id":212,"priority":10},
{"action":{"type":"block"},"condition":{"urlFilter":"||sayhentaii.art/assets/js/ads.js"},"id":213,"priority":10},
{"action":{"type":"block"},"condition":{"resourceTypes":["image"],"urlFilter":"||vebotz.cc/wp-content/themes/bongda/public/images/company/21.png"},"id":214,"priority":10},
{"action":{"type":"block"},"condition":{"initiatorDomains":["congdongmassage.com"],"resourceTypes":["image"],"urlFilter":"||img.congdongmassage.com/banner/"},"id":215,"priority":10},
{"action":{"type":"block"},"condition":{"resourceTypes":["image"],"urlFilter":"||subnhanhcx.net^*.gif"},"id":216,"priority":10},
{"action":{"type":"block"},"condition":{"resourceTypes":["image"],"urlFilter":"||phimsexhay19vn.com^*.gif"},"id":217,"priority":10},
{"action":{"type":"block"},"condition":{"resourceTypes":["script"],"urlFilter":"||animevietsub.cam/ads/"},"id":218,"priority":10},
{"action":{"type":"block"},"condition":{"resourceTypes":["script"],"urlFilter":"||nettruyenvia.com/assets/js/ads/"},"id":219,"priority":10},
{"action":{"type":"block"},"condition":{"resourceTypes":["script"],"urlFilter":"||nettruyenvia.com/assets/js/pop"},"id":220,"priority":10},
{"action":{"type":"block"},"condition":{"resourceTypes":["image"],"urlFilter":"||truyenvn.shop^*banner"},"id":221,"priority":10},
{"action":{"type":"block"},"condition":{"resourceTypes":["script"],"urlFilter":"||adtima-static.zadn.vn^"},"id":222,"priority":10},
{"action":{"type":"block"},"condition":{"resourceTypes":["image"],"urlFilter":"||img.mmo4me.com/image.php?di=146j"},"id":223,"priority":10},
{"action":{"type":"block"},"condition":{"domainType":"thirdParty","resourceTypes":["media"],"urlFilter":"||bf.333xbet.com^"},"id":224,"priority":10},
{"action":{"type":"block"},"condition":{"initiatorDomains":["cliphot69.pics"],"resourceTypes":["image"],"urlFilter":"||telegra.ph/file/"},"id":225,"priority":10},
{"action":{"type":"block"},"condition":{"excludedInitiatorDomains":["phevkl.fit","viet69.press"],"resourceTypes":["script"],"urlFilter":"/assets/js/vast.js"},"id":226,"priority":10},
{"action":{"type":"block"},"condition":{"domainType":"firstParty","resourceTypes":["image"],"urlFilter":"||hsctvn.com/uploads/products/"},"id":227,"priority":10},
{"action":{"type":"block"},"condition":{"domainType":"firstParty","resourceTypes":["image"],"urlFilter":"||vietjack.com/git/images/dehocki.png"},"id":228,"priority":10},
{"action":{"type":"block"},"condition":{"resourceTypes":["image"],"urlFilter":"||sexlive.biz/_next/image?url=%2fimages%2f*.avif&w=*&q=75"},"id":229,"priority":10},
{"action":{"type":"block"},"condition":{"resourceTypes":["image"],"urlFilter":"||truyensextv.com/anh/"},"id":230,"priority":10},
{"action":{"type":"block"},"condition":{"domainType":"firstParty","excludedInitiatorDomains":["vipurl.in"],"resourceTypes":["script"],"urlFilter":"/js/ads.js"},"id":231,"priority":10},
{"action":{"type":"block"},"condition":{"resourceTypes":["image"],"urlFilter":"||gamer18.net^*.gif"},"id":232,"priority":10},
{"action":{"type":"block"},"condition":{"resourceTypes":["image"],"urlFilter":"||img.mmo4me.com/image.php?di=w9ir"},"id":233,"priority":10},
{"action":{"type":"block"},"condition":{"resourceTypes":["script"],"urlFilter":".com/cpc/"},"id":234,"priority":10},
{"action":{"type":"block"},"condition":{"resourceTypes":["script"],"urlFilter":".net/cpf/"},"id":235,"priority":10},
{"action":{"type":"block"},"condition":{"resourceTypes":["script"],"urlFilter":"/content/js/jwplayer/vast.js"},"id":236,"priority":10},
{"action":{"type":"block"},"condition":{"resourceTypes":["script"],"urlFilter":"/aas/r45d/vki/"},"id":237,"priority":10},
{"action":{"type":"block"},"condition":{"domainType":"firstParty","resourceTypes":["script"],"urlFilter":"||motchill10.com/public/upload/ads/ads.js"},"id":238,"priority":10},
{"action":{"type":"block"},"condition":{"initiatorDomains":["cafef.vn","gamek.vn","genk.vn","kenh14.vn","thanhnien.vn"],"resourceTypes":["script"],"urlFilter":"/core/"},"id":239,"priority":10},
{"action":{"type":"block"},"condition":{"domainType":"firstParty","urlFilter":"||motphimc.ws^*.gif"},"id":240,"priority":10},
{"action":{"type":"block"},"condition":{"resourceTypes":["script"],"urlFilter":"/disable-devtool.min.js"},"id":241,"priority":10},
{"action":{"type":"block"},"condition":{"domainType":"firstParty","resourceTypes":["script"],"urlFilter":"||hhtq.click/ads/"},"id":242,"priority":10},
{"action":{"type":"block"},"condition":{"domainType":"firstParty","resourceTypes":["script"],"urlFilter":"||hongbiennhanh24h.online/wp-content/themes/flatsome-child/assets/js/main.js"},"id":243,"priority":10},
{"action":{"type":"block"},"condition":{"resourceTypes":["script"],"urlFilter":"/siropu/am/core.min.js"},"id":244,"priority":10},
{"action":{"type":"block"},"condition":{"excludedInitiatorDomains":["cdn2.kenhvn2.com"],"resourceTypes":["script"],"urlFilter":"/v/*/vast.js"},"id":245,"priority":10},
{"action":{"type":"block"},"condition":{"domainType":"firstParty","resourceTypes":["script"],"urlFilter":"||motchillfm.to/wp-content/plugins/adsmanager/js/aam-scripts.js"},"id":246,"priority":10},
{"action":{"type":"block"},"condition":{"domainType":"firstParty","resourceTypes":["script"],"urlFilter":"||nettruyenar.com/public/assets/js/pop"},"id":247,"priority":10},
{"action":{"type":"block"},"condition":{"resourceTypes":["script"],"urlFilter":"||ahaphimz.com/js/pov.js"},"id":248,"priority":10},
{"action":{"type":"block"},"condition":{"domainType":"firstParty","resourceTypes":["script"],"urlFilter":"||phimmoichill.ceo/newchill/"},"id":249,"priority":10},
{"action":{"type":"block"},"condition":{"resourceTypes":["image"],"urlFilter":"||phimhdctv.net^*.gif"},"id":250,"priority":10},
{"action":{"type":"block"},"condition":{"domainType":"firstParty","resourceTypes":["script"],"urlFilter":"||xemphimviet.page/client_assets/js/dataview/adsview.js"},"id":251,"priority":10},
{"action":{"type":"block"},"condition":{"domainType":"firstParty","resourceTypes":["script"],"urlFilter":"||xemphimviet.page/client_assets/js/minijumb.js"},"id":252,"priority":10},
{"action":{"type":"block"},"condition":{"domainType":"firstParty","resourceTypes":["image"],"urlFilter":"||qmanga.art/banner_image/"},"id":254,"priority":10},
{"action":{"type":"block"},"condition":{"resourceTypes":["script"],"urlFilter":"||nhipcaudautu.vn/*gafin"},"id":255,"priority":10},
{"action":{"type":"block"},"condition":{"resourceTypes":["image"],"urlFilter":"||sayhentaii.art/storage/images/banner/"},"id":256,"priority":10},
{"action":{"type":"allow"},"condition":{"initiatorDomains":["cafef.vn","gamek.vn","genk.vn","kenh14.vn","thanhnien.vn"],"resourceTypes":["script"],"urlFilter":"||player.sohatv.vn/resource/"},"id":257,"priority":30},
{"action":{"type":"block"},"condition":{"resourceTypes":["script"],"urlFilter":"||server.zmedia.vn/static/"},"id":258,"priority":10},
{"action":{"type":"block"},"condition":{"resourceTypes":["script"],"urlFilter":"||the.tube/js/detect-ab.js"},"id":259,"priority":10},
{"action":{"type":"block"},"condition":{"resourceTypes":["script"],"urlFilter":"||the.tube/js/simpleblocker.js"},"id":260,"priority":10},
{"action":{"type":"block"},"condition":{"resourceTypes":["script"],"urlFilter":"||truyenwikidich.net/static/js/adx/"},"id":261,"priority":10},
{"action":{"type":"block"},"condition":{"resourceTypes":["script"],"urlFilter":"||vietjack.com/frontendweb/js/sp.js"},"id":262,"priority":10},
{"action":{"type":"block"},"condition":{"domainType":"firstParty","resourceTypes":["media"],"urlFilter":"||sexlive.biz/mb66.mp4"},"id":263,"priority":10},
{"action":{"type":"block"},"condition":{"resourceTypes":["script"],"urlFilter":"/player/vast.js"},"id":264,"priority":10},
{"action":{"type":"allow"},"condition":{"urlFilter":"||anime47.live/ads/v/8.26.9/jw"},"id":265,"priority":30},
{"action":{"type":"block"},"condition":{"resourceTypes":["image"],"urlFilter":"||motphimtv.bz^*.gif"},"id":266,"priority":10},
{"action":{"type":"allow"},"condition":{"urlFilter":"||anime47.live/ads/v/8.26.9/translations"},"id":267,"priority":30},
{"action":{"type":"block"},"condition":{"domainType":"firstParty","resourceTypes":["image"],"urlFilter":"||buomtv.live/palivn/ad/"},"id":268,"priority":10},
{"action":{"type":"block"},"condition":{"domainType":"firstParty","resourceTypes":["script"],"urlFilter":"||26efp.com/js/dulak2.js"},"id":269,"priority":10},
{"action":{"type":"block"},"condition":{"domainType":"firstParty","resourceTypes":["script"],"urlFilter":"||nettruyenqqviet.com/assets/iads.js"},"id":270,"priority":10},
{"action":{"type":"block"},"condition":{"domainType":"firstParty","resourceTypes":["script"],"urlFilter":"||kenhthethaotv.com/wp-content/plugins/popup-builder/public/js/popupbuilder.js"},"id":271,"priority":10},
{"action":{"type":"block"},"condition":{"domainType":"firstParty","resourceTypes":["script"],"urlFilter":"||tvphim.kim^*popup"},"id":272,"priority":10},
{"action":{"type":"block"},"condition":{"initiatorDomains":["vlsexdam.net"],"resourceTypes":["image"],"urlFilter":"||vlsexdam.net^*.gif"},"id":273,"priority":10},
{"action":{"type":"block"},"condition":{"resourceTypes":["xmlhttprequest"],"urlFilter":".vn/c3s-ad/"},"id":274,"priority":10},
{"action":{"type":"block"},"condition":{"resourceTypes":["xmlhttprequest"],"urlFilter":"/ads/*.xml"},"id":275,"priority":10},
{"action":{"type":"block"},"condition":{"domainType":"firstParty","resourceTypes":["script"],"urlFilter":"||motchillfm.to/wp-content/plugins/adsmanager/"},"id":276,"priority":10},
{"action":{"type":"block"},"condition":{"initiatorDomains":["bongdaso66.net"],"resourceTypes":["sub_frame"],"urlFilter":"/_bannerslot.aspx"},"id":277,"priority":10},
{"action":{"type":"block"},"condition":{"initiatorDomains":["tracnghiem.net"],"resourceTypes":["sub_frame"],"urlFilter":"||zunia.vn/ads.html"},"id":278,"priority":10},
{"action":{"type":"block"},"condition":{"initiatorDomains":["vl.phe.to"],"resourceTypes":["sub_frame"],"urlFilter":"||cloufdlare.com/ads/vn1.html"},"id":279,"priority":10},
{"action":{"type":"block"},"condition":{"domainType":"firstParty","resourceTypes":["image"],"urlFilter":"||tram3d.vip^*.gif"},"id":283,"priority":10},
{"action":{"type":"block"},"condition":{"domainType":"firstParty","resourceTypes":["image"],"urlFilter":"||tuyensinhso.vn/images/banners/*.gif"},"id":284,"priority":10},
{"action":{"type":"block"},"condition":{"domainType":"firstParty","resourceTypes":["script"],"urlFilter":"/script/oneads.js"},"id":285,"priority":10},
{"action":{"type":"block"},"condition":{"domainType":"firstParty","resourceTypes":["script"],"urlFilter":"||phim.vkool8.net/js/pov.js"},"id":292,"priority":10},
{"action":{"type":"block"},"condition":{"domainType":"firstParty","resourceTypes":["script"],"urlFilter":"||qthang.net/js/blocker"},"id":294,"priority":10},
{"action":{"type":"block"},"condition":{"domainType":"firstParty","resourceTypes":["script"],"urlFilter":"||www.clbgamesvn.com/diendan/popup/popup.js"},"id":300,"priority":10},
{"action":{"type":"block"},"condition":{"domainType":"thirdParty","urlFilter":"||images.tuyensinh247.com^*.gif"},"id":304,"priority":10},
{"action":{"type":"block"},"condition":{"domainType":"thirdParty","urlFilter":"||quangcaosanpham.com/images/"},"id":305,"priority":10},
{"action":{"type":"block"},"condition":{"domainType":"thirdParty","urlFilter":"||storage.fshare.vn/images/"},"id":306,"priority":10},
{"action":{"type":"block"},"condition":{"domainType":"thirdParty","urlFilter":"||timsanpham.com/images/"},"id":307,"priority":10},
{"action":{"type":"block"},"condition":{"domainType":"thirdParty","urlFilter":"||uniad."},"id":308,"priority":10},
{"action":{"type":"block"},"condition":{"domainType":"thirdParty","resourceTypes":["image"],"urlFilter":"||tuyensinh247.com/"},"id":309,"priority":10},
{"action":{"type":"block"},"condition":{"domainType":"thirdParty","initiatorDomains":["afamily.vn","cafef.vn","gamek.vn","genk.vn","kenh14.vn","soha.vn","thanhnien.vn","tuoitre.vn"],"resourceTypes":["script"],"urlFilter":"/cms/arfcc.min.js"},"id":310,"priority":10},
{"action":{"type":"block"},"condition":{"domainType":"thirdParty","initiatorDomains":["afamily.vn","cafef.vn","gamek.vn","genk.vn","kenh14.vn","soha.vn","tuoitre.vn"],"resourceTypes":["script"],"urlFilter":"/cms/arf-"},"id":311,"priority":10},
{"action":{"type":"block"},"condition":{"domainType":"thirdParty","requestDomains":["ght.kernh41.com","taboola.com"],"resourceTypes":["script"]},"id":312,"priority":10},
{"action":{"type":"allow"},"condition":{"urlFilter":"/favicon.ico"},"id":315,"priority":30},
{"action":{"type":"allow"},"condition":{"initiatorDomains":["cungthi.online"],"urlFilter":"||tpc.googlesyndication.com/sodar/sodar2.js"},"id":320,"priority":30},
{"action":{"type":"allow"},"condition":{"initiatorDomains":["www.gvnvh.net"],"resourceTypes":["image"],"urlFilter":"||4.bp.blogspot.com/-faf4f4begfs/x6bgitbh8ri/aaaaaaaadr4/ti07qdfvywk4cpdnaj8mn5q_yvzug2cjgck4bgayycw/s1600/gvnvh18.png"},"id":322,"priority":30},
{"action":{"type":"allow"},"condition":{"initiatorDomains":["nghean24h.vn"],"resourceTypes":["image"],"urlFilter":"||media.nghean24h.vn/image_resize"},"id":323,"priority":30},
{"action":{"type":"allow"},"condition":{"initiatorDomains":["apkmoddone.com"],"resourceTypes":["script","xmlhttprequest"],"urlFilter":"||alwingulla.com/88/tag.min.js"},"id":325,"priority":30},
{"action":{"type":"allow"},"condition":{"initiatorDomains":["sctvonline.vn"],"resourceTypes":["script"],"urlFilter":"||cdnjs.cloudflare.com/ajax/libs/videojs-contrib-ads/6.0.0/videojs-contrib-ads.js"},"id":326,"priority":30},
{"action":{"type":"allow"},"condition":{"initiatorDomains":["tuoitre.vn"],"resourceTypes":["script"],"urlFilter":"||media1.admicro.vn/cms/"},"id":328,"priority":30},
{"action":{"type":"allow"},"condition":{"initiatorDomains":["handydecor.com.vn"],"resourceTypes":["script"],"urlFilter":"||securepubads.g.doubleclick.net/tag/js/gpt.js"},"id":330,"priority":30},
{"action":{"type":"allow"},"condition":{"initiatorDomains":["linkneverdie.net","linkneverdie.top","linkneverdie2.com"],"resourceTypes":["script"],"urlFilter":"||static.ads-twitter.com/uwt.js"},"id":332,"priority":30},
{"action":{"type":"allow"},"condition":{"initiatorDomains":["genk.vn"],"resourceTypes":["script"],"urlFilter":"||static.amcdn.vn/tka/cdn.js"},"id":333,"priority":30},
{"action":{"type":"allow"},"condition":{"initiatorDomains":["game24h.vn"],"resourceTypes":["script"],"urlFilter":"||vlitag.com/vli-assets/prebid/"},"id":334,"priority":30},
{"action":{"type":"allow"},"condition":{"initiatorDomains":["handydecor.com.vn"],"resourceTypes":["xmlhttprequest"],"urlFilter":"||static.doubleclick.net/instream/ad_status.js"},"id":335,"priority":30},
{"action":{"type":"allow"},"condition":{"resourceTypes":["xmlhttprequest"],"urlFilter":"||voz.vn/u/adx."},"id":336,"priority":30},
{"action":{"type":"allow"},"condition":{"domainType":"firstParty","urlFilter":"||xahoingaynay.com.vn/upload/20989/20200817/asset_2_8x_9596af5d4e.png"},"id":339,"priority":30},
{"action":{"type":"allow"},"condition":{"domainType":"firstParty","initiatorDomains":["lehait.net"],"resourceTypes":["image"],"urlFilter":"/images/ad-300x250.jpg"},"id":340,"priority":30},
{"action":{"type":"allow"},"condition":{"domainType":"firstParty","resourceTypes":["script"],"urlFilter":"/wp-content/plugins/advanced-ads/admin/assets/js/advertisement.js"},"id":341,"priority":30}
]
