[
{"action":{"redirect":{"transform":{"queryTransform":{"removeParams":["bCode","promo_creative","promo_name","promo_position"]}}},"type":"redirect"},"condition":{"resourceTypes":["main_frame","sub_frame","xmlhttprequest"],"urlFilter":"||dgka.me^"},"id":1,"priority":2},
{"action":{"redirect":{"transform":{"queryTransform":{"removeParams":["ref"]}}},"type":"redirect"},"condition":{"requestDomains":["arnr.ir","upera.tv"],"resourceTypes":["main_frame","sub_frame","xmlhttprequest"]},"id":2,"priority":2},
{"action":{"redirect":{"transform":{"queryTransform":{"removeParams":["rssRedirect"]}}},"type":"redirect"},"condition":{"resourceTypes":["main_frame","sub_frame","xmlhttprequest"],"urlFilter":"||eghtesadnews.com^"},"id":3,"priority":2},
{"action":{"redirect":{"transform":{"queryTransform":{"removeParams":["_ga","_gl"]}}},"type":"redirect"},"condition":{"resourceTypes":["main_frame","sub_frame","xmlhttprequest"],"urlFilter":"||app.technews-iran.com^"},"id":4,"priority":2},
{"action":{"redirect":{"transform":{"queryTransform":{"removeParams":["origin","publisher","q"]}}},"type":"redirect"},"condition":{"resourceTypes":["main_frame","sub_frame","xmlhttprequest"],"urlFilter":"||zarebin.ir/media/detail^"},"id":5,"priority":2},
{"action":{"redirect":{"transform":{"queryTransform":{"removeParams":["referer"]}}},"type":"redirect"},"condition":{"resourceTypes":["xmlhttprequest"],"urlFilter":"||aparat.com^"},"id":6,"priority":2},
{"action":{"redirect":{"transform":{"queryTransform":{"removeParams":["referrer"]}}},"type":"redirect"},"condition":{"resourceTypes":["xmlhttprequest"],"urlFilter":"||podbean.com/player^"},"id":7,"priority":2},
{"action":{"redirect":{"transform":{"queryTransform":{"removeParams":["pbss"]}}},"type":"redirect"},"condition":{"resourceTypes":["media"],"urlFilter":"||podbean.com/pb^"},"id":8,"priority":2},
{"action":{"redirect":{"transform":{"queryTransform":{"removeParams":["bCode","camCode","promo_creative","promo_name","promo_position"]}}},"type":"redirect"},"condition":{"resourceTypes":["main_frame"],"urlFilter":"||www.digikala.com^"},"id":9,"priority":2},
{"action":{"redirect":{"transform":{"queryTransform":{"removeParams":["source"]}}},"type":"redirect"},"condition":{"resourceTypes":["main_frame"],"urlFilter":"||open-platform-redirect.divar.ir^"},"id":10,"priority":2},
{"action":{"redirect":{"transform":{"queryTransform":{"removeParams":["_ref"]}}},"type":"redirect"},"condition":{"resourceTypes":["main_frame"],"urlFilter":"||jobinja.ir^"},"id":11,"priority":2},
{"action":{"redirect":{"transform":{"queryTransform":{"removeParams":["safarmarketId"]}}},"type":"redirect"},"condition":{"resourceTypes":["main_frame"],"urlFilter":"^safarmarketid="},"id":12,"priority":2},
{"action":{"redirect":{"transform":{"queryTransform":{"removeParams":["search_id"]}}},"type":"redirect"},"condition":{"resourceTypes":["main_frame"],"urlFilter":"||api.torob.com/v4/product-page/redirect^"},"id":13,"priority":2},
{"action":{"redirect":{"transform":{"queryTransform":{"removeParams":["UDID","appVersion","deviceType"]}}},"type":"redirect"},"condition":{"domainType":"firstParty","requestMethods":["get"],"resourceTypes":["xmlhttprequest"],"urlFilter":"||snappfood.ir^"},"id":14,"priority":2},
{"action":{"redirect":{"transform":{"queryTransform":{"removeParams":["_bt__experiment","_ft__ab_test","_ft__shop_score","_http_referrer","_url_referrer","android_app_ver","btn","bvid","device","discover_method","is_adv","pre_prk","session_id","shop_rank","source","suid","uid","user_id"]}}},"type":"redirect"},"condition":{"domainType":"firstParty","resourceTypes":["main_frame","xmlhttprequest"],"urlFilter":"||api.torob.com^"},"id":15,"priority":2},
{"action":{"redirect":{"transform":{"queryTransform":{"removeParams":["vastUrl"]}}},"type":"redirect"},"condition":{"domainType":"thirdParty","resourceTypes":["main_frame","sub_frame","xmlhttprequest"],"urlFilter":"||tamasha.com/embed^"},"id":16,"priority":2}
]
