[
 {
  "id": "ublock-filters",
  "name": "uBlock filters – Ads, trackers, and more",
  "group": "default",
  "enabled": true,
  "homeURL": "https://github.com/uBlockOrigin/uAssets",
  "filters": {
   "total": 9304,
   "accepted": 9276,
   "rejected": 1
  },
  "rules": {
   "total": 5575,
   "plain": 3809,
   "regex": 140,
   "removeparam": 63,
   "redirect": 547,
   "modifyHeaders": 51,
   "strictblock": 18,
   "urlskip": 169,
   "discarded": 0,
   "rejected": 795
  },
  "css": {
   "generic": 299,
   "generichigh": 68,
   "specific": 4683,
   "procedural": 1648
  },
  "scriptlets": 59
 },
 {
  "id": "easylist",
  "name": "EasyList",
  "group": "default",
  "enabled": true,
  "homeURL": "https://easylist.to/",
  "filters": {
   "total": 45934,
   "accepted": 45901,
   "rejected": 24
  },
  "rules": {
   "total": 3603,
   "plain": 3550,
   "regex": 24,
   "removeparam": 0,
   "redirect": 6,
   "modifyHeaders": 12,
   "strictblock": 15,
   "urlskip": 0,
   "discarded": 0,
   "rejected": 11
  },
  "css": {
   "generic": 13112,
   "generichigh": 448,
   "specific": 7954,
   "procedural": 206
  },
  "scriptlets": 0
 },
 {
  "id": "easyprivacy",
  "name": "EasyPrivacy",
  "group": "default",
  "enabled": true,
  "homeURL": "https://easylist.to/",
  "filters": {
   "total": 54053,
   "accepted": 54020,
   "rejected": 31
  },
  "rules": {
   "total": 8160,
   "plain": 8143,
   "regex": 7,
   "removeparam": 0,
   "redirect": 8,
   "modifyHeaders": 2,
   "strictblock": 1,
   "urlskip": 0,
   "discarded": 0,
   "rejected": 0
  },
  "css": {
   "generic": 2,
   "generichigh": 0,
   "specific": 0,
   "procedural": 4
  },
  "scriptlets": 9
 },
 {
  "id": "pgl",
  "name": "Peter Lowe – Ads, trackers, and more",
  "group": "default",
  "enabled": true,
  "homeURL": "https://pgl.yoyo.org/adservers/",
  "filters": {
   "total": 3422,
   "accepted": 3342,
   "rejected": 80
  },
  "rules": {
   "total": 1,
   "plain": 1,
   "regex": 0,
   "removeparam": 0,
   "redirect": 0,
   "modifyHeaders": 0,
   "strictblock": 1,
   "urlskip": 0,
   "discarded": 0,
   "rejected": 0
  },
  "css": {
   "generic": 0,
   "generichigh": 0,
   "specific": 0,
   "procedural": 0
  },
  "scriptlets": 0
 },
 {
  "id": "ublock-badware",
  "name": "uBlock filters – Badware risks",
  "group": "malware",
  "enabled": true,
  "homeURL": "https://github.com/uBlockOrigin/uAssets",
  "filters": {
   "total": 10757,
   "accepted": 10726,
   "rejected": 0
  },
  "rules": {
   "total": 1200,
   "plain": 1043,
   "regex": 121,
   "removeparam": 0,
   "redirect": 1,
   "modifyHeaders": 0,
   "strictblock": 682,
   "urlskip": 0,
   "discarded": 0,
   "rejected": 35
  },
  "css": {
   "generic": 14,
   "generichigh": 0,
   "specific": 193,
   "procedural": 30
  },
  "scriptlets": 4
 },
 {
  "id": "urlhaus-full",
  "name": "Malicious URL Blocklist",
  "group": "malware",
  "enabled": true,
  "homeURL": "https://gitlab.com/malware-filter/urlhaus-filter",
  "filters": {
   "total": 2177,
   "accepted": 2177,
   "rejected": 0
  },
  "rules": {
   "total": 1,
   "plain": 1,
   "regex": 0,
   "removeparam": 0,
   "redirect": 0,
   "modifyHeaders": 0,
   "strictblock": 1,
   "urlskip": 0,
   "discarded": 0,
   "rejected": 0
  },
  "css": {
   "generic": 0,
   "generichigh": 0,
   "specific": 0,
   "procedural": 0
  },
  "scriptlets": 0
 },
 {
  "id": "adguard-mobile",
  "name": "AdGuard – Mobile Ads",
  "group": "ads",
  "enabled": false,
  "tags": "mobile",
  "homeURL": "https://github.com/AdguardTeam/AdguardFilters#adguard-filters",
  "filters": {
   "total": 1496,
   "accepted": 1489,
   "rejected": 6
  },
  "rules": {
   "total": 549,
   "plain": 520,
   "regex": 9,
   "removeparam": 0,
   "redirect": 18,
   "modifyHeaders": 0,
   "strictblock": 1,
   "urlskip": 0,
   "discarded": 0,
   "rejected": 2
  },
  "css": {
   "generic": 35,
   "generichigh": 14,
   "specific": 4016,
   "procedural": 415
  },
  "scriptlets": 14
 },
 {
  "id": "block-lan",
  "name": "Block Outsider Intrusion into LAN",
  "group": "privacy",
  "enabled": false,
  "homeURL": "https://github.com/uBlockOrigin/uAssets",
  "filters": {
   "total": 88,
   "accepted": 88,
   "rejected": 0
  },
  "rules": {
   "total": 16,
   "plain": 9,
   "regex": 7,
   "removeparam": 0,
   "redirect": 0,
   "modifyHeaders": 0,
   "strictblock": 0,
   "urlskip": 0,
   "discarded": 0,
   "rejected": 0
  },
  "css": {
   "generic": 0,
   "generichigh": 0,
   "specific": 0,
   "procedural": 0
  },
  "scriptlets": 0
 },
 {
  "id": "dpollock-0",
  "name": "Dan Pollock’s hosts file",
  "enabled": false,
  "homeURL": "https://someonewhocares.org/hosts/",
  "filters": {
   "total": 11754,
   "accepted": 11745,
   "rejected": 9
  },
  "rules": {
   "total": 1,
   "plain": 1,
   "regex": 0,
   "removeparam": 0,
   "redirect": 0,
   "modifyHeaders": 0,
   "strictblock": 1,
   "urlskip": 0,
   "discarded": 0,
   "rejected": 0
  },
  "css": {
   "generic": 0,
   "generichigh": 0,
   "specific": 0,
   "procedural": 0
  },
  "scriptlets": 0
 },
 {
  "id": "adguard-spyware-url",
  "name": "AdGuard URL Tracking Protection",
  "group": "privacy",
  "enabled": false,
  "homeURL": "https://github.com/AdguardTeam/AdguardFilters#adguard-filters",
  "filters": {
   "total": 2221,
   "accepted": 2205,
   "rejected": 0
  },
  "rules": {
   "total": 731,
   "plain": 0,
   "regex": 0,
   "removeparam": 612,
   "redirect": 0,
   "modifyHeaders": 0,
   "strictblock": 0,
   "urlskip": 0,
   "discarded": 0,
   "rejected": 119
  },
  "css": {
   "generic": 0,
   "generichigh": 0,
   "specific": 3,
   "procedural": 0
  },
  "scriptlets": 0
 },
 {
  "id": "annoyances-cookies",
  "name": "EasyList/uBO – Cookie Notices",
  "group": "annoyances",
  "enabled": false,
  "homeURL": "https://github.com/easylist/easylist#fanboy-lists",
  "filters": {
   "total": 2084,
   "accepted": 2084,
   "rejected": 0
  },
  "rules": {
   "total": 1736,
   "plain": 1734,
   "regex": 1,
   "removeparam": 0,
   "redirect": 0,
   "modifyHeaders": 0,
   "strictblock": 1,
   "urlskip": 0,
   "discarded": 0,
   "rejected": 1
  },
  "css": {
   "generic": 14397,
   "generichigh": 167,
   "specific": 18497,
   "procedural": 2851
  },
  "scriptlets": 20
 },
 {
  "id": "annoyances-overlays",
  "name": "EasyList/uBO – Overlay Notices",
  "group": "annoyances",
  "enabled": false,
  "homeURL": "https://github.com/easylist/easylist#fanboy-lists",
  "filters": {
   "total": 463,
   "accepted": 463,
   "rejected": 0
  },
  "rules": {
   "total": 346,
   "plain": 297,
   "regex": 0,
   "removeparam": 1,
   "redirect": 13,
   "modifyHeaders": 5,
   "strictblock": 1,
   "urlskip": 2,
   "discarded": 0,
   "rejected": 28
  },
  "css": {
   "generic": 1169,
   "generichigh": 14,
   "specific": 5283,
   "procedural": 1197
  },
  "scriptlets": 31
 },
 {
  "id": "annoyances-social",
  "name": "EasyList – Social Widgets",
  "group": "annoyances",
  "enabled": false,
  "homeURL": "https://github.com/easylist/easylist#fanboy-lists",
  "filters": {
   "total": 674,
   "accepted": 674,
   "rejected": 0
  },
  "rules": {
   "total": 598,
   "plain": 598,
   "regex": 0,
   "removeparam": 0,
   "redirect": 0,
   "modifyHeaders": 0,
   "strictblock": 0,
   "urlskip": 0,
   "discarded": 0,
   "rejected": 0
  },
  "css": {
   "generic": 9365,
   "generichigh": 111,
   "specific": 4850,
   "procedural": 29
  },
  "scriptlets": 1
 },
 {
  "id": "annoyances-widgets",
  "name": "EasyList – Chat Widgets",
  "group": "annoyances",
  "enabled": false,
  "homeURL": "https://github.com/easylist/easylist#fanboy-lists",
  "filters": {
   "total": 219,
   "accepted": 218,
   "rejected": 1
  },
  "rules": {
   "total": 55,
   "plain": 55,
   "regex": 0,
   "removeparam": 0,
   "redirect": 0,
   "modifyHeaders": 0,
   "strictblock": 1,
   "urlskip": 0,
   "discarded": 0,
   "rejected": 0
  },
  "css": {
   "generic": 11,
   "generichigh": 1,
   "specific": 6,
   "procedural": 0
  },
  "scriptlets": 0
 },
 {
  "id": "annoyances-others",
  "name": "EasyList – Other Annoyances",
  "group": "annoyances",
  "enabled": false,
  "homeURL": "https://github.com/easylist/easylist#fanboy-lists",
  "filters": {
   "total": 732,
   "accepted": 732,
   "rejected": 0
  },
  "rules": {
   "total": 415,
   "plain": 415,
   "regex": 0,
   "removeparam": 0,
   "redirect": 0,
   "modifyHeaders": 0,
   "strictblock": 1,
   "urlskip": 0,
   "discarded": 0,
   "rejected": 0
  },
  "css": {
   "generic": 773,
   "generichigh": 19,
   "specific": 2565,
   "procedural": 84
  },
  "scriptlets": 12
 },
 {
  "id": "annoyances-notifications",
  "name": "EasyList – Notifications",
  "group": "annoyances",
  "enabled": false,
  "homeURL": "https://github.com/easylist/easylist#fanboy-lists",
  "filters": {
   "total": 469,
   "accepted": 468,
   "rejected": 1
  },
  "rules": {
   "total": 274,
   "plain": 274,
   "regex": 0,
   "removeparam": 0,
   "redirect": 0,
   "modifyHeaders": 0,
   "strictblock": 1,
   "urlskip": 0,
   "discarded": 0,
   "rejected": 0
  },
  "css": {
   "generic": 265,
   "generichigh": 11,
   "specific": 1192,
   "procedural": 107
  },
  "scriptlets": 9
 },
 {
  "id": "ublock-experimental",
  "name": "uBlock filters – Experimental",
  "enabled": false,
  "homeURL": "https://github.com/uBlockOrigin/uAssets",
  "filters": {
   "total": 0,
   "accepted": 0,
   "rejected": 0
  },
  "rules": {
   "total": 0,
   "plain": 0,
   "regex": 0,
   "removeparam": 0,
   "redirect": 0,
   "modifyHeaders": 0,
   "strictblock": 0,
   "urlskip": 0,
   "discarded": 0,
   "rejected": 0
  },
  "css": {
   "generic": 0,
   "generichigh": 0,
   "specific": 0,
   "procedural": 0
  },
  "scriptlets": 0
 },
 {
  "id": "stevenblack-hosts",
  "name": "Steven Black’s Unified Hosts (adware + malware)",
  "enabled": false,
  "homeURL": "https://github.com/StevenBlack/hosts#readme",
  "filters": {
   "total": 231413,
   "accepted": 231328,
   "rejected": 85
  },
  "rules": {
   "total": 2,
   "plain": 1,
   "regex": 0,
   "removeparam": 0,
   "redirect": 0,
   "modifyHeaders": 0,
   "strictblock": 1,
   "urlskip": 0,
   "discarded": 0,
   "rejected": 1
  },
  "css": {
   "generic": 0,
   "generichigh": 0,
   "specific": 0,
   "procedural": 0
  },
  "scriptlets": 0
 },
 {
  "id": "ubol-tests",
  "name": "uBO Lite Test Filters",
  "enabled": false,
  "homeURL": "https://ublockorigin.github.io/uBOL-home/tests/test-filters.html",
  "filters": {
   "total": 9,
   "accepted": 9,
   "rejected": 0
  },
  "rules": {
   "total": 7,
   "plain": 4,
   "regex": 1,
   "removeparam": 0,
   "redirect": 1,
   "modifyHeaders": 1,
   "strictblock": 0,
   "urlskip": 0,
   "discarded": 0,
   "rejected": 0
  },
  "css": {
   "generic": 3,
   "generichigh": 0,
   "specific": 4,
   "procedural": 2
  },
  "scriptlets": 5
 },
 {
  "id": "alb-0",
  "name": "🇦🇱al 🇽🇰xk: Adblock List for Albania",
  "group": "regions",
  "enabled": false,
  "lang": "sq",
  "tags": "ads albania shqipja",
  "homeURL": "https://github.com/AnXh3L0/blocklist",
  "filters": {
   "total": 35,
   "accepted": 35,
   "rejected": 0
  },
  "rules": {
   "total": 32,
   "plain": 29,
   "regex": 0,
   "removeparam": 0,
   "redirect": 0,
   "modifyHeaders": 0,
   "strictblock": 0,
   "urlskip": 0,
   "discarded": 0,
   "rejected": 3
  },
  "css": {
   "generic": 6,
   "generichigh": 0,
   "specific": 107,
   "procedural": 7
  },
  "scriptlets": 0
 },
 {
  "id": "bgr-0",
  "name": "🇧🇬bg: Bulgarian Adblock list",
  "group": "regions",
  "enabled": false,
  "lang": "bg mk",
  "tags": "ads bulgarian България macedonian Македонија",
  "homeURL": "https://stanev.org/abp/",
  "filters": {
   "total": 704,
   "accepted": 703,
   "rejected": 1
  },
  "rules": {
   "total": 695,
   "plain": 695,
   "regex": 0,
   "removeparam": 0,
   "redirect": 0,
   "modifyHeaders": 0,
   "strictblock": 1,
   "urlskip": 0,
   "discarded": 0,
   "rejected": 0
  },
  "css": {
   "generic": 10,
   "generichigh": 0,
   "specific": 184,
   "procedural": 0
  },
  "scriptlets": 0
 },
 {
  "id": "chn-0",
  "name": "🇨🇳cn 🇹🇼tw: AdGuard Chinese (中文)",
  "group": "regions",
  "enabled": false,
  "lang": "ug zh",
  "tags": "ads chinese 中文",
  "homeURL": "https://github.com/AdguardTeam/AdguardFilters#adguard-filters",
  "filters": {
   "total": 14246,
   "accepted": 14234,
   "rejected": 4
  },
  "rules": {
   "total": 6570,
   "plain": 6478,
   "regex": 34,
   "removeparam": 2,
   "redirect": 38,
   "modifyHeaders": 10,
   "strictblock": 2,
   "urlskip": 0,
   "discarded": 0,
   "rejected": 8
  },
  "css": {
   "generic": 957,
   "generichigh": 203,
   "specific": 3248,
   "procedural": 189
  },
  "scriptlets": 20
 },
 {
  "id": "cze-0",
  "name": "🇨🇿cz 🇸🇰sk: EasyList Czech and Slovak",
  "group": "regions",
  "enabled": false,
  "lang": "cs sk",
  "tags": "ads czech česká slovak slovenská",
  "homeURL": "https://github.com/tomasko126/easylistczechandslovak",
  "filters": {
   "total": 245,
   "accepted": 244,
   "rejected": 1
  },
  "rules": {
   "total": 141,
   "plain": 132,
   "regex": 0,
   "removeparam": 0,
   "redirect": 4,
   "modifyHeaders": 1,
   "strictblock": 2,
   "urlskip": 0,
   "discarded": 0,
   "rejected": 4
  },
  "css": {
   "generic": 53,
   "generichigh": 3,
   "specific": 213,
   "procedural": 33
  },
  "scriptlets": 12
 },
 {
  "id": "deu-0",
  "name": "🇩🇪de 🇨🇭ch 🇦🇹at: EasyList Germany",
  "group": "regions",
  "enabled": false,
  "lang": "de dsb hsb lb rm",
  "tags": "ads german deutschland luxembourgish lëtzebuerg romansh",
  "homeURL": "https://forums.lanik.us/viewforum.php?f=90",
  "filters": {
   "total": 2337,
   "accepted": 2334,
   "rejected": 3
  },
  "rules": {
   "total": 1837,
   "plain": 1826,
   "regex": 4,
   "removeparam": 0,
   "redirect": 2,
   "modifyHeaders": 1,
   "strictblock": 1,
   "urlskip": 0,
   "discarded": 0,
   "rejected": 4
  },
  "css": {
   "generic": 377,
   "generichigh": 35,
   "specific": 2092,
   "procedural": 79
  },
  "scriptlets": 0
 },
 {
  "id": "est-0",
  "name": "🇪🇪ee: Eesti saitidele kohandatud filter",
  "group": "regions",
  "enabled": false,
  "lang": "et",
  "homeURL": "https://github.com/sander85/uBOL-et",
  "filters": {
   "total": 258,
   "accepted": 257,
   "rejected": 1
  },
  "rules": {
   "total": 71,
   "plain": 70,
   "regex": 0,
   "removeparam": 1,
   "redirect": 0,
   "modifyHeaders": 0,
   "strictblock": 0,
   "urlskip": 0,
   "discarded": 0,
   "rejected": 0
  },
  "css": {
   "generic": 4,
   "generichigh": 7,
   "specific": 72,
   "procedural": 3
  },
  "scriptlets": 1
 },
 {
  "id": "fin-0",
  "name": "🇫🇮fi: Adblock List for Finland",
  "group": "regions",
  "enabled": false,
  "lang": "fi",
  "tags": "ads finnish",
  "homeURL": "https://github.com/finnish-easylist-addition/finnish-easylist-addition",
  "filters": {
   "total": 194,
   "accepted": 194,
   "rejected": 0
  },
  "rules": {
   "total": 176,
   "plain": 165,
   "regex": 3,
   "removeparam": 2,
   "redirect": 6,
   "modifyHeaders": 0,
   "strictblock": 0,
   "urlskip": 0,
   "discarded": 0,
   "rejected": 0
  },
  "css": {
   "generic": 61,
   "generichigh": 14,
   "specific": 539,
   "procedural": 115
  },
  "scriptlets": 8
 },
 {
  "id": "fra-0",
  "name": "🇫🇷fr 🇨🇦ca: AdGuard Français",
  "group": "regions",
  "enabled": false,
  "lang": "ar br ff fr lb oc son",
  "tags": "ads french",
  "homeURL": "https://github.com/AdguardTeam/AdguardFilters#adguard-filters",
  "filters": {
   "total": 13393,
   "accepted": 12970,
   "rejected": 416
  },
  "rules": {
   "total": 4202,
   "plain": 4151,
   "regex": 2,
   "removeparam": 0,
   "redirect": 33,
   "modifyHeaders": 6,
   "strictblock": 1,
   "urlskip": 0,
   "discarded": 0,
   "rejected": 10
  },
  "css": {
   "generic": 1711,
   "generichigh": 19,
   "specific": 1729,
   "procedural": 155
  },
  "scriptlets": 17
 },
 {
  "id": "grc-0",
  "name": "🇬🇷gr 🇨🇾cy: Greek AdBlock Filter",
  "group": "regions",
  "enabled": false,
  "lang": "el",
  "tags": "ads greek",
  "homeURL": "https://github.com/kargig/greek-adblockplus-filter",
  "filters": {
   "total": 460,
   "accepted": 459,
   "rejected": 1
  },
  "rules": {
   "total": 431,
   "plain": 431,
   "regex": 0,
   "removeparam": 0,
   "redirect": 0,
   "modifyHeaders": 0,
   "strictblock": 3,
   "urlskip": 0,
   "discarded": 0,
   "rejected": 0
  },
  "css": {
   "generic": 10,
   "generichigh": 5,
   "specific": 196,
   "procedural": 8
  },
  "scriptlets": 2
 },
 {
  "id": "hrv-0",
  "name": "🇭🇷hr 🇷🇸rs: Dandelion Sprout's Serbo-Croatian filters",
  "group": "regions",
  "enabled": false,
  "lang": "bs hr sr",
  "tags": "ads croatian serbian bosnian",
  "homeURL": "https://github.com/DandelionSprout/adfilt#readme",
  "filters": {
   "total": 91,
   "accepted": 91,
   "rejected": 0
  },
  "rules": {
   "total": 79,
   "plain": 79,
   "regex": 0,
   "removeparam": 0,
   "redirect": 0,
   "modifyHeaders": 0,
   "strictblock": 1,
   "urlskip": 0,
   "discarded": 0,
   "rejected": 0
  },
  "css": {
   "generic": 19,
   "generichigh": 1,
   "specific": 177,
   "procedural": 6
  },
  "scriptlets": 0
 },
 {
  "id": "hun-0",
  "name": "🇭🇺hu: hufilter",
  "group": "regions",
  "enabled": false,
  "lang": "hu",
  "tags": "ads hungarian",
  "homeURL": "https://github.com/hufilter/hufilter",
  "filters": {
   "total": 403,
   "accepted": 401,
   "rejected": 1
  },
  "rules": {
   "total": 242,
   "plain": 239,
   "regex": 1,
   "removeparam": 0,
   "redirect": 2,
   "modifyHeaders": 0,
   "strictblock": 1,
   "urlskip": 0,
   "discarded": 0,
   "rejected": 0
  },
  "css": {
   "generic": 58,
   "generichigh": 14,
   "specific": 514,
   "procedural": 55
  },
  "scriptlets": 12
 },
 {
  "id": "idn-0",
  "name": "🇮🇩id 🇲🇾my: ABPindo",
  "group": "regions",
  "enabled": false,
  "lang": "id ms",
  "tags": "ads indonesian malay",
  "homeURL": "https://github.com/ABPindo/indonesianadblockrules",
  "filters": {
   "total": 4105,
   "accepted": 4104,
   "rejected": 0
  },
  "rules": {
   "total": 3132,
   "plain": 3132,
   "regex": 0,
   "removeparam": 0,
   "redirect": 0,
   "modifyHeaders": 0,
   "strictblock": 1,
   "urlskip": 0,
   "discarded": 0,
   "rejected": 0
  },
  "css": {
   "generic": 382,
   "generichigh": 3805,
   "specific": 755,
   "procedural": 15
  },
  "scriptlets": 12
 },
 {
  "id": "ind-0",
  "name": "🇮🇳in 🇱🇰lk 🇳🇵np: IndianList",
  "group": "regions",
  "enabled": false,
  "lang": "as bn gu hi kn ml mr ne pa si ta te",
  "tags": "ads assamese bengali gujarati hindi kannada malayalam marathi nepali punjabi sinhala tamil telugu",
  "homeURL": "https://github.com/mediumkreation/IndianList",
  "filters": {
   "total": 4761,
   "accepted": 4761,
   "rejected": 0
  },
  "rules": {
   "total": 4722,
   "plain": 4720,
   "regex": 0,
   "removeparam": 0,
   "redirect": 0,
   "modifyHeaders": 0,
   "strictblock": 0,
   "urlskip": 0,
   "discarded": 0,
   "rejected": 2
  },
  "css": {
   "generic": 6,
   "generichigh": 0,
   "specific": 5237,
   "procedural": 134
  },
  "scriptlets": 0
 },
 {
  "id": "irn-0",
  "name": "🇮🇷ir: PersianBlocker",
  "group": "regions",
  "enabled": false,
  "lang": "fa ps tg",
  "tags": "ads af ir persian pashto tajik tj",
  "homeURL": "https://github.com/MasterKia/PersianBlocker",
  "filters": {
   "total": 1356,
   "accepted": 1329,
   "rejected": 1
  },
  "rules": {
   "total": 720,
   "plain": 675,
   "regex": 1,
   "removeparam": 16,
   "redirect": 4,
   "modifyHeaders": 2,
   "strictblock": 3,
   "urlskip": 0,
   "discarded": 0,
   "rejected": 22
  },
  "css": {
   "generic": 47,
   "generichigh": 2,
   "specific": 507,
   "procedural": 188
  },
  "scriptlets": 20
 },
 {
  "id": "isl-0",
  "name": "🇮🇸is: Icelandic ABP List",
  "group": "regions",
  "enabled": false,
  "lang": "is",
  "tags": "ads icelandic",
  "homeURL": "https://github.com/brave/adblock-lists/issues",
  "filters": {
   "total": 12,
   "accepted": 12,
   "rejected": 0
  },
  "rules": {
   "total": 12,
   "plain": 11,
   "regex": 0,
   "removeparam": 0,
   "redirect": 0,
   "modifyHeaders": 0,
   "strictblock": 1,
   "urlskip": 0,
   "discarded": 0,
   "rejected": 1
  },
  "css": {
   "generic": 0,
   "generichigh": 0,
   "specific": 34,
   "procedural": 1
  },
  "scriptlets": 0
 },
 {
  "id": "isr-0",
  "name": "🇮🇱il: EasyList Hebrew",
  "group": "regions",
  "enabled": false,
  "lang": "he",
  "tags": "ads hebrew",
  "homeURL": "https://github.com/easylist/EasyListHebrew",
  "filters": {
   "total": 488,
   "accepted": 488,
   "rejected": 0
  },
  "rules": {
   "total": 262,
   "plain": 232,
   "regex": 4,
   "removeparam": 0,
   "redirect": 15,
   "modifyHeaders": 1,
   "strictblock": 1,
   "urlskip": 0,
   "discarded": 0,
   "rejected": 10
  },
  "css": {
   "generic": 24,
   "generichigh": 0,
   "specific": 359,
   "procedural": 9
  },
  "scriptlets": 9
 },
 {
  "id": "ita-0",
  "name": "🇮🇹it: EasyList Italy",
  "group": "regions",
  "enabled": false,
  "lang": "it lij",
  "tags": "ads italian",
  "homeURL": "https://forums.lanik.us/viewforum.php?f=96",
  "filters": {
   "total": 1137,
   "accepted": 1137,
   "rejected": 0
  },
  "rules": {
   "total": 1041,
   "plain": 1038,
   "regex": 3,
   "removeparam": 0,
   "redirect": 0,
   "modifyHeaders": 0,
   "strictblock": 1,
   "urlskip": 0,
   "discarded": 0,
   "rejected": 0
  },
  "css": {
   "generic": 375,
   "generichigh": 54,
   "specific": 2748,
   "procedural": 24
  },
  "scriptlets": 0
 },
 {
  "id": "jpn-1",
  "name": "🇯🇵jp: AdGuard Japanese",
  "group": "regions",
  "enabled": false,
  "lang": "ja",
  "tags": "ads japanese 日本語",
  "homeURL": "https://github.com/AdguardTeam/AdguardFilters#adguard-filters",
  "filters": {
   "total": 2253,
   "accepted": 2253,
   "rejected": 0
  },
  "rules": {
   "total": 1660,
   "plain": 1595,
   "regex": 20,
   "removeparam": 0,
   "redirect": 27,
   "modifyHeaders": 0,
   "strictblock": 189,
   "urlskip": 0,
   "discarded": 0,
   "rejected": 18
  },
  "css": {
   "generic": 190,
   "generichigh": 11,
   "specific": 5196,
   "procedural": 727
  },
  "scriptlets": 23
 },
 {
  "id": "kor-1",
  "name": "🇰🇷kr: List-KR",
  "group": "regions",
  "enabled": false,
  "lang": "ko",
  "tags": "ads korean 한국어",
  "homeURL": "https://github.com/List-KR/List-KR#readme",
  "filters": {
   "total": 1512,
   "accepted": 1504,
   "rejected": 1
  },
  "rules": {
   "total": 1121,
   "plain": 879,
   "regex": 147,
   "removeparam": 1,
   "redirect": 23,
   "modifyHeaders": 0,
   "strictblock": 10,
   "urlskip": 0,
   "discarded": 0,
   "rejected": 71
  },
  "css": {
   "generic": 39,
   "generichigh": 69,
   "specific": 937,
   "procedural": 244
  },
  "scriptlets": 18
 },
 {
  "id": "ltu-0",
  "name": "🇱🇹lt: EasyList Lithuania",
  "group": "regions",
  "enabled": false,
  "lang": "lt",
  "tags": "ads lithuanian",
  "homeURL": "https://github.com/EasyList-Lithuania/easylist_lithuania",
  "filters": {
   "total": 567,
   "accepted": 567,
   "rejected": 0
  },
  "rules": {
   "total": 521,
   "plain": 517,
   "regex": 2,
   "removeparam": 0,
   "redirect": 2,
   "modifyHeaders": 0,
   "strictblock": 1,
   "urlskip": 0,
   "discarded": 0,
   "rejected": 0
  },
  "css": {
   "generic": 4,
   "generichigh": 3,
   "specific": 324,
   "procedural": 15
  },
  "scriptlets": 5
 },
 {
  "id": "lva-0",
  "name": "🇱🇻lv: Latvian List",
  "group": "regions",
  "enabled": false,
  "lang": "lv",
  "tags": "ads latvian",
  "homeURL": "https://github.com/Latvian-List/adblock-latvian",
  "filters": {
   "total": 195,
   "accepted": 195,
   "rejected": 0
  },
  "rules": {
   "total": 154,
   "plain": 154,
   "regex": 0,
   "removeparam": 0,
   "redirect": 0,
   "modifyHeaders": 0,
   "strictblock": 1,
   "urlskip": 0,
   "discarded": 0,
   "rejected": 0
  },
  "css": {
   "generic": 5,
   "generichigh": 2,
   "specific": 81,
   "procedural": 8
  },
  "scriptlets": 2
 },
 {
  "id": "mkd-0",
  "name": "🇲🇰mk: Macedonian adBlock Filters",
  "group": "regions",
  "enabled": false,
  "lang": "mk",
  "tags": "ads macedonian",
  "homeURL": "https://github.com/DeepSpaceHarbor/Macedonian-adBlock-Filters",
  "filters": {
   "total": 291,
   "accepted": 290,
   "rejected": 1
  },
  "rules": {
   "total": 160,
   "plain": 159,
   "regex": 0,
   "removeparam": 0,
   "redirect": 0,
   "modifyHeaders": 0,
   "strictblock": 1,
   "urlskip": 0,
   "discarded": 0,
   "rejected": 1
  },
  "css": {
   "generic": 3,
   "generichigh": 1,
   "specific": 119,
   "procedural": 2
  },
  "scriptlets": 0
 },
 {
  "id": "nld-0",
  "name": "🇳🇱nl 🇧🇪be: AdGuard Dutch",
  "group": "regions",
  "enabled": false,
  "lang": "af fy nl",
  "tags": "ads afrikaans be belgië frisian dutch flemish nederlands netherlands nl sr suriname za",
  "homeURL": "https://github.com/AdguardTeam/AdguardFilters#adguard-filters",
  "filters": {
   "total": 559,
   "accepted": 557,
   "rejected": 0
  },
  "rules": {
   "total": 480,
   "plain": 475,
   "regex": 1,
   "removeparam": 0,
   "redirect": 4,
   "modifyHeaders": 0,
   "strictblock": 1,
   "urlskip": 0,
   "discarded": 0,
   "rejected": 0
  },
  "css": {
   "generic": 67,
   "generichigh": 5,
   "specific": 988,
   "procedural": 79
  },
  "scriptlets": 13
 },
 {
  "id": "nor-0",
  "name": "🇳🇴no 🇩🇰dk 🇮🇸is: Dandelion Sprouts nordiske filtre",
  "group": "regions",
  "enabled": false,
  "lang": "nb nn no da is",
  "tags": "ads norwegian danish icelandic",
  "homeURL": "https://github.com/DandelionSprout/adfilt",
  "filters": {
   "total": 3387,
   "accepted": 3372,
   "rejected": 0
  },
  "rules": {
   "total": 798,
   "plain": 671,
   "regex": 5,
   "removeparam": 0,
   "redirect": 7,
   "modifyHeaders": 0,
   "strictblock": 78,
   "urlskip": 0,
   "discarded": 0,
   "rejected": 115
  },
  "css": {
   "generic": 246,
   "generichigh": 51,
   "specific": 732,
   "procedural": 194
  },
  "scriptlets": 9
 },
 {
  "id": "pol-0",
  "name": "🇵🇱pl: Oficjalne Polskie Filtry do uBlocka Origin",
  "group": "regions",
  "enabled": false,
  "lang": "szl pl _",
  "tags": "ads polish polski",
  "homeURL": "https://github.com/MajkiIT/polish-ads-filter",
  "filters": {
   "total": 1179,
   "accepted": 1174,
   "rejected": 4
  },
  "rules": {
   "total": 859,
   "plain": 798,
   "regex": 39,
   "removeparam": 0,
   "redirect": 13,
   "modifyHeaders": 0,
   "strictblock": 1,
   "urlskip": 0,
   "discarded": 0,
   "rejected": 9
  },
  "css": {
   "generic": 83,
   "generichigh": 56,
   "specific": 3555,
   "procedural": 269
  },
  "scriptlets": 13
 },
 {
  "id": "rou-1",
  "name": "🇷🇴ro 🇲🇩md: Romanian Ad (ROad) Block List Light",
  "group": "regions",
  "enabled": false,
  "lang": "ro",
  "tags": "ads romanian română moldavian moldovenească молдовеняскэ",
  "homeURL": "https://github.com/tcptomato/ROad-Block",
  "filters": {
   "total": 518,
   "accepted": 517,
   "rejected": 0
  },
  "rules": {
   "total": 386,
   "plain": 375,
   "regex": 4,
   "removeparam": 0,
   "redirect": 2,
   "modifyHeaders": 0,
   "strictblock": 5,
   "urlskip": 0,
   "discarded": 0,
   "rejected": 5
  },
  "css": {
   "generic": 13,
   "generichigh": 3,
   "specific": 392,
   "procedural": 58
  },
  "scriptlets": 10
 },
 {
  "id": "rus-0",
  "name": "🇷🇺ru 🇺🇦ua 🇺🇿uz 🇰🇿kz: RU AdList",
  "group": "regions",
  "parent": "🇷🇺ru 🇺🇦ua 🇺🇿uz 🇰🇿kz: RU AdList",
  "enabled": false,
  "lang": "be kk tt ru uz",
  "tags": "ads belarusian беларуская kazakh tatar russian русский ukrainian українська uzbek uk",
  "homeURL": "https://forums.lanik.us/viewforum.php?f=102",
  "filters": {
   "total": 18745,
   "accepted": 18735,
   "rejected": 7
  },
  "rules": {
   "total": 5924,
   "plain": 5827,
   "regex": 16,
   "removeparam": 18,
   "redirect": 19,
   "modifyHeaders": 38,
   "strictblock": 3,
   "urlskip": 0,
   "discarded": 0,
   "rejected": 6
  },
  "css": {
   "generic": 468,
   "generichigh": 597,
   "specific": 7537,
   "procedural": 1180
  },
  "scriptlets": 27
 },
 {
  "id": "rus-1",
  "name": "🇷🇺ru 🇺🇦ua 🇺🇿uz 🇰🇿kz: RU AdList: Counters",
  "group": "regions",
  "parent": "🇷🇺ru 🇺🇦ua 🇺🇿uz 🇰🇿kz: RU AdList",
  "enabled": false,
  "tags": "ads belarusian беларуская kazakh tatar russian русский ukrainian українська uzbek be kk tt ru uk uz",
  "homeURL": "https://forums.lanik.us/viewforum.php?f=102",
  "filters": {
   "total": 1415,
   "accepted": 1414,
   "rejected": 1
  },
  "rules": {
   "total": 744,
   "plain": 611,
   "regex": 0,
   "removeparam": 98,
   "redirect": 7,
   "modifyHeaders": 1,
   "strictblock": 1,
   "urlskip": 0,
   "discarded": 0,
   "rejected": 27
  },
  "css": {
   "generic": 4,
   "generichigh": 23,
   "specific": 57,
   "procedural": 53
  },
  "scriptlets": 10
 },
 {
  "id": "spa-0",
  "name": "🇪🇸es 🇦🇷ar 🇲🇽mx 🇨🇴co: EasyList Spanish",
  "group": "regions",
  "enabled": false,
  "lang": "an ast ca cak es eu gl gn trs quz",
  "tags": "ads aragonese basque catalan spanish español galician guarani",
  "homeURL": "https://forums.lanik.us/viewforum.php?f=103",
  "filters": {
   "total": 709,
   "accepted": 708,
   "rejected": 1
  },
  "rules": {
   "total": 581,
   "plain": 573,
   "regex": 8,
   "removeparam": 0,
   "redirect": 0,
   "modifyHeaders": 0,
   "strictblock": 1,
   "urlskip": 0,
   "discarded": 0,
   "rejected": 0
  },
  "css": {
   "generic": 244,
   "generichigh": 19,
   "specific": 1424,
   "procedural": 28
  },
  "scriptlets": 0
 },
 {
  "id": "spa-1",
  "name": "🇪🇸es 🇦🇷ar 🇧🇷br 🇵🇹pt: AdGuard Spanish/Portuguese",
  "group": "regions",
  "enabled": false,
  "lang": "an ast ca cak es eu gl gn trs pt quz",
  "tags": "ads aragonese basque catalan spanish español galician guarani portuguese português",
  "homeURL": "https://github.com/AdguardTeam/AdguardFilters#adguard-filters",
  "filters": {
   "total": 1201,
   "accepted": 1194,
   "rejected": 3
  },
  "rules": {
   "total": 873,
   "plain": 831,
   "regex": 5,
   "removeparam": 0,
   "redirect": 25,
   "modifyHeaders": 0,
   "strictblock": 1,
   "urlskip": 0,
   "discarded": 0,
   "rejected": 12
  },
  "css": {
   "generic": 130,
   "generichigh": 4,
   "specific": 1760,
   "procedural": 243
  },
  "scriptlets": 26
 },
 {
  "id": "svn-0",
  "name": "🇸🇮si: Slovenian List",
  "group": "regions",
  "enabled": false,
  "lang": "sl",
  "tags": "ads slovenian slovenski",
  "homeURL": "https://github.com/betterwebleon/slovenian-list",
  "filters": {
   "total": 130,
   "accepted": 130,
   "rejected": 0
  },
  "rules": {
   "total": 82,
   "plain": 82,
   "regex": 0,
   "removeparam": 0,
   "redirect": 0,
   "modifyHeaders": 0,
   "strictblock": 1,
   "urlskip": 0,
   "discarded": 0,
   "rejected": 0
  },
  "css": {
   "generic": 4,
   "generichigh": 0,
   "specific": 150,
   "procedural": 2
  },
  "scriptlets": 0
 },
 {
  "id": "swe-1",
  "name": "🇸🇪se: Frellwit's Swedish Filter",
  "group": "regions",
  "enabled": false,
  "lang": "sv",
  "tags": "ads swedish svenska",
  "homeURL": "https://github.com/lassekongo83/Frellwits-filter-lists",
  "filters": {
   "total": 1742,
   "accepted": 1742,
   "rejected": 0
  },
  "rules": {
   "total": 1361,
   "plain": 1336,
   "regex": 1,
   "removeparam": 5,
   "redirect": 12,
   "modifyHeaders": 2,
   "strictblock": 2,
   "urlskip": 0,
   "discarded": 0,
   "rejected": 5
  },
  "css": {
   "generic": 241,
   "generichigh": 52,
   "specific": 1445,
   "procedural": 454
  },
  "scriptlets": 17
 },
 {
  "id": "tha-0",
  "name": "🇹🇭th: EasyList Thailand",
  "group": "regions",
  "enabled": false,
  "lang": "th",
  "tags": "ads thai ไทย",
  "homeURL": "https://github.com/easylist-thailand/easylist-thailand",
  "filters": {
   "total": 770,
   "accepted": 770,
   "rejected": 0
  },
  "rules": {
   "total": 760,
   "plain": 753,
   "regex": 2,
   "removeparam": 0,
   "redirect": 4,
   "modifyHeaders": 0,
   "strictblock": 1,
   "urlskip": 0,
   "discarded": 0,
   "rejected": 1
  },
  "css": {
   "generic": 1,
   "generichigh": 5,
   "specific": 184,
   "procedural": 11
  },
  "scriptlets": 6
 },
 {
  "id": "tur-0",
  "name": "🇹🇷tr: AdGuard Turkish",
  "group": "regions",
  "enabled": false,
  "lang": "tr",
  "tags": "ads turkish türkçe",
  "homeURL": "https://github.com/AdguardTeam/AdguardFilters#adguard-filters",
  "filters": {
   "total": 1458,
   "accepted": 1456,
   "rejected": 0
  },
  "rules": {
   "total": 1207,
   "plain": 1149,
   "regex": 17,
   "removeparam": 0,
   "redirect": 22,
   "modifyHeaders": 0,
   "strictblock": 1,
   "urlskip": 0,
   "discarded": 0,
   "rejected": 19
  },
  "css": {
   "generic": 182,
   "generichigh": 60,
   "specific": 2280,
   "procedural": 330
  },
  "scriptlets": 21
 },
 {
  "id": "ukr-0",
  "name": "🇺🇦ua: AdGuard Ukrainian",
  "group": "regions",
  "enabled": false,
  "lang": "uk",
  "tags": "ads ukraine україна",
  "homeURL": "https://github.com/AdguardTeam/AdguardFilters#adguard-filters",
  "filters": {
   "total": 3351,
   "accepted": 3351,
   "rejected": 0
  },
  "rules": {
   "total": 1437,
   "plain": 1398,
   "regex": 19,
   "removeparam": 2,
   "redirect": 16,
   "modifyHeaders": 0,
   "strictblock": 2,
   "urlskip": 0,
   "discarded": 0,
   "rejected": 2
  },
  "css": {
   "generic": 607,
   "generichigh": 25,
   "specific": 1194,
   "procedural": 187
  },
  "scriptlets": 10
 },
 {
  "id": "vie-1",
  "name": "🇻🇳vn: ABPVN List",
  "group": "regions",
  "enabled": false,
  "lang": "vi",
  "tags": "ads vietnamese việt",
  "homeURL": "https://abpvn.com/",
  "filters": {
   "total": 449,
   "accepted": 449,
   "rejected": 0
  },
  "rules": {
   "total": 326,
   "plain": 309,
   "regex": 2,
   "removeparam": 0,
   "redirect": 7,
   "modifyHeaders": 8,
   "strictblock": 1,
   "urlskip": 0,
   "discarded": 0,
   "rejected": 0
  },
  "css": {
   "generic": 36,
   "generichigh": 6,
   "specific": 403,
   "procedural": 10
  },
  "scriptlets": 11
 }
]
