[
{
 "action": {
  "responseHeaders": [
   {
    "header": "content-security-policy",
    "operation": "append",
    "value": "script-src"
   }
  ],
  "type": "modifyHeaders"
 },
 "condition": {
  "resourceTypes": [
   "main_frame",
   "sub_frame"
  ],
  "urlFilter": ".html?android=hx*&_"
 },
 "id": 1
},
{
 "action": {
  "responseHeaders": [
   {
    "header": "content-security-policy",
    "operation": "append",
    "value": "script-src"
   }
  ],
  "type": "modifyHeaders"
 },
 "condition": {
  "resourceTypes": [
   "main_frame",
   "sub_frame"
  ],
  "urlFilter": ".xyz/?channelcode="
 },
 "id": 2
},
{
 "action": {
  "responseHeaders": [
   {
    "header": "content-security-policy",
    "operation": "append",
    "value": "script-src"
   }
  ],
  "type": "modifyHeaders"
 },
 "condition": {
  "resourceTypes": [
   "main_frame",
   "sub_frame"
  ],
  "urlFilter": "/dayu2.html?channelcode="
 },
 "id": 3
},
{
 "action": {
  "responseHeaders": [
   {
    "header": "content-security-policy",
    "operation": "append",
    "value": "script-src"
   }
  ],
  "type": "modifyHeaders"
 },
 "condition": {
  "resourceTypes": [
   "main_frame",
   "sub_frame"
  ],
  "urlFilter": "://*:*/chunyu.html?k="
 },
 "id": 4
},
{
 "action": {
  "responseHeaders": [
   {
    "header": "content-security-policy",
    "operation": "append",
    "value": "script-src"
   }
  ],
  "type": "modifyHeaders"
 },
 "condition": {
  "resourceTypes": [
   "main_frame",
   "sub_frame"
  ],
  "urlFilter": "://*:*/yeyue.html?k="
 },
 "id": 5
},
{
 "action": {
  "responseHeaders": [
   {
    "header": "content-security-policy",
    "operation": "append",
    "value": "script-src 'self' * 'unsafe-inline'"
   }
  ],
  "type": "modifyHeaders"
 },
 "condition": {
  "initiatorDomains": [
   "13xsw.com",
   "1ingatlan.net",
   "1kans.net",
   "4hrz.net",
   "56xiaoshuo.net",
   "5book.cc",
   "666biquge.com",
   "aidu123.com",
   "bbiquge.cc",
   "beianxs.com",
   "biqudd.com",
   "biquge2345.com",
   "biquge345.com",
   "biquluo.info",
   "biquwx.cc",
   "bogeks.com",
   "boxue8.cc",
   "bqgh.com",
   "bqug8.com",
   "candoug.com",
   "chahuax.com",
   "cipubook.com",
   "cuaizw.cc",
   "cule9.com",
   "dbrxs.org",
   "dingdian911.com",
   "diyibanzhu44444.com",
   "efuxs.com",
   "enbusw.com",
   "fxxs3.com",
   "gaofuwu.org",
   "genbiquge.com",
   "guwoxs.com",
   "hadu520.com",
   "haduzw.com",
   "haijiaobooksw.top",
   "haitangsoshu.org",
   "hanziwen.com",
   "haxu8.com",
   "hunshuge.com",
   "i3book.com",
   "jinmusb.com",
   "jiufuzw.com",
   "jiutusw.com",
   "jmshuwu.net",
   "jpbqg7.com",
   "jvbiquge.com",
   "kaaiwk.com",
   "kaixindu.net",
   "kunnu.com",
   "m.6666xsw.com",
   "m.chenkuan.com",
   "mafusw.com",
   "maxshuku.com",
   "meisibook.com",
   "modaoshu.com",
   "nipubook.com",
   "novelser.com",
   "nuoshuge.com",
   "oldtimeswx.org",
   "oushuku.com",
   "piaotianxiaoshuo.com",
   "pinshu.org",
   "product44.com",
   "pucixs.com",
   "puquz.com",
   "puyewk.com",
   "quanbiqu.com",
   "qubosw.com",
   "ququsk.cc",
   "riquzw.com",
   "ruyisw.com",
   "shanhuxs.com",
   "shukuge.com",
   "shuying6.com",
   "smsonline.cloud",
   "snxsw.com",
   "softtechsolution.org",
   "sthuojia.net",
   "taobiquge.com",
   "tetservices.net",
   "tuqisw.com",
   "tvyun07.com",
   "vipbiquge.com",
   "waguwk.cc",
   "wodexiaoshuoh.com",
   "wuwusk.com",
   "x33yq.org",
   "xianguke.net",
   "xiexinde.net",
   "xingksw.com",
   "xueyisw.com",
   "yawoxs.com",
   "yebiquge.com",
   "yiyezao.com",
   "ykxs.cc",
   "yourbiquge.com",
   "yswxs.com",
   "yushuwu.cloud",
   "zaaizw.com",
   "zlobin.net",
   "zuizhong.net",
   "zuxiku.com",
   "zuye8.com"
  ],
  "resourceTypes": [
   "main_frame",
   "sub_frame"
  ]
 },
 "id": 6
},
{
 "action": {
  "responseHeaders": [
   {
    "header": "content-security-policy",
    "operation": "append",
    "value": "script-src"
   }
  ],
  "type": "modifyHeaders"
 },
 "condition": {
  "resourceTypes": [
   "main_frame",
   "sub_frame"
  ],
  "urlFilter": "||57577.live^"
 },
 "id": 7
},
{
 "action": {
  "responseHeaders": [
   {
    "header": "content-security-policy",
    "operation": "append",
    "value": "script-src 'self' *"
   }
  ],
  "type": "modifyHeaders"
 },
 "condition": {
  "initiatorDomains": [
   "90shuyuan.com",
   "akexs.com",
   "biquge678.com",
   "biqugezw.us",
   "hunhunxs.com",
   "qimiaoxiaoshuo.com",
   "qimiaoxs.cc",
   "qqmmxs.com",
   "sswwxs.com",
   "wuwxs.com",
   "zk01.net"
  ],
  "resourceTypes": [
   "main_frame",
   "sub_frame"
  ]
 },
 "id": 8
},
{
 "action": {
  "responseHeaders": [
   {
    "header": "content-security-policy",
    "operation": "append",
    "value": "script-src 'self' * 'unsafe-eval'"
   }
  ],
  "type": "modifyHeaders"
 },
 "condition": {
  "requestDomains": [
   "chinanewsx.com",
   "zoukankan.com"
  ],
  "resourceTypes": [
   "main_frame",
   "sub_frame"
  ]
 },
 "id": 6368
},
{
 "action": {
  "responseHeaders": [
   {
    "header": "content-security-policy",
    "operation": "append",
    "value": "script-src 'self' * 'unsafe-inline'"
   }
  ],
  "type": "modifyHeaders"
 },
 "condition": {
  "requestDomains": [
   "anixwallpaper.com",
   "hugo3c.tw"
  ],
  "resourceTypes": [
   "main_frame",
   "sub_frame"
  ]
 },
 "id": 6369
}
]
