[
{"action":{"responseHeaders":[{"header":"content-security-policy","operation":"append","value":"worker-src 'none'"}],"type":"modifyHeaders"},"condition":{"initiatorDomains":["alltube.pl","alltube.tv","centrum-dramy.pl","coinfaucet.eu","crictime.com","crictime.is","doodcdn.com","gomo.to","hdvid.fun","hdvid.tv","hitomi.la","lewd.ninja","nflbite.com","pirateproxy.live","plytv.me","powvideo.cc","powvideo.net","putlocker.to","reactor.cc","rojadirecta.direct","sickrage.ca","streamtape.com","thehiddenbay.com","thepiratebay.org","thepiratebay10.org","torlock.com","tpb.party","uptomega.me","ustream.to","vidoza.co","vidoza.net","wearesaudis.net","yazilir.com"],"resourceTypes":["main_frame","sub_frame"]},"id":1},
{"action":{"responseHeaders":[{"header":"content-security-policy","operation":"append","value":"script-src 'self' 'unsafe-inline' 'unsafe-eval' data: *.cloudflare.com *.google.com *.addthis.com *.addthisedge.com *.facebook.net *.twitter.com *.jquery.com *.x.com"}],"type":"modifyHeaders"},"condition":{"domainType":"firstParty","initiatorDomains":["kinos.to","kinox.am","kinox.click","kinox.cloud","kinox.club","kinox.digital","kinox.direct","kinox.express","kinox.fyi","kinox.gratis","kinox.io","kinox.lat","kinox.lol","kinox.me","kinox.mobi","kinox.pub","kinox.sh","kinox.to","kinox.tube","kinox.tv","kinox.wtf","kinoz.to"],"resourceTypes":["main_frame","sub_frame"]},"id":2},
{"action":{"responseHeaders":[{"header":"content-security-policy","operation":"append","value":"script-src 'self' '*' 'unsafe-inline'"}],"type":"modifyHeaders"},"condition":{"initiatorDomains":["downloadpirate.com","linksmore.site","pirateproxy.live","thehiddenbay.com","thepiratebay10.org","ukpass.co"],"resourceTypes":["main_frame","sub_frame"]},"id":3},
{"action":{"responseHeaders":[{"header":"content-security-policy","operation":"append","value":"script-src 'self' data: 'unsafe-inline' 'unsafe-hashes' 'unsafe-eval' pic1.mangapicgallery.com www.google.com"}],"type":"modifyHeaders"},"condition":{"initiatorDomains":["mangago.me"],"resourceTypes":["main_frame","sub_frame"]},"id":4},
{"action":{"responseHeaders":[{"header":"content-security-policy","operation":"append","value":"script-src 'self' data: 'unsafe-inline' 'unsafe-hashes' 'unsafe-eval' www.gstatic.com cdn.jsdelivr.net maxcdn.bootstrapcdn.com"}],"type":"modifyHeaders"},"condition":{"initiatorDomains":["bigwarp.io"],"resourceTypes":["main_frame","sub_frame"]},"id":5},
{"action":{"responseHeaders":[{"header":"content-security-policy","operation":"append","value":"script-src 'self' data: 'unsafe-inline' 'unsafe-hashes' 'unsafe-eval'"}],"type":"modifyHeaders"},"condition":{"initiatorDomains":["thumbs.pro"],"resourceTypes":["main_frame","sub_frame"]},"id":6},
{"action":{"responseHeaders":[{"header":"content-security-policy","operation":"append","value":"script-src 'self' data: blob: 'unsafe-inline' 'unsafe-hashes' 'unsafe-eval'"}],"type":"modifyHeaders"},"condition":{"domainType":"firstParty","initiatorDomains":["gayforfans.com"],"resourceTypes":["main_frame","sub_frame"]},"id":7},
{"action":{"responseHeaders":[{"header":"content-security-policy","operation":"append","value":"child-src *"}],"type":"modifyHeaders"},"condition":{"resourceTypes":["main_frame","sub_frame"],"urlFilter":"||bodysize.org^"},"id":8},
{"action":{"responseHeaders":[{"header":"content-security-policy","operation":"append","value":"script-src 'self' '*' 'unsafe-inline'"}],"type":"modifyHeaders"},"condition":{"resourceTypes":["main_frame","sub_frame"],"urlFilter":"||convertfiles.com^"},"id":9},
{"action":{"responseHeaders":[{"header":"content-security-policy","operation":"append","value":"script-src 'self' '*' 'unsafe-inline' *.gstatic.com *.google.com *.googleapis.com *.bootstrapcdn.com"}],"type":"modifyHeaders"},"condition":{"resourceTypes":["main_frame","sub_frame"],"urlFilter":"||gelbooru.com^"},"id":10},
{"action":{"responseHeaders":[{"header":"content-security-policy","operation":"append","value":"script-src 'self' 'unsafe-inline' https://hcaptcha.com *.hcaptcha.com"}],"type":"modifyHeaders"},"condition":{"resourceTypes":["main_frame","sub_frame"],"urlFilter":"||pirateiro.com^"},"id":11},
{"action":{"responseHeaders":[{"header":"content-security-policy","operation":"append","value":"script-src *.leadpages.net *.gstatic.com *.google.com *.googleapis.com *.playwire.com *.facebook.com *.bootstrapcdn.com"}],"type":"modifyHeaders"},"condition":{"resourceTypes":["main_frame","sub_frame"],"urlFilter":"||activistpost.com^"},"id":12}
]
