[
{
 "action": {
  "responseHeaders": [
   {
    "header": "content-security-policy",
    "operation": "append",
    "value": "default-src 'self' 'unsafe-inline' data: *.bootstrapcdn.com *.cloudatacdn.com *.cloudflare.com *.doodcdn.co *.doodcdn.com *.doodcdn.io *.google.com *.googleapis.com *.gstatic.com *.hcaptcha.com *.jquery.com *.jwpcdn.com *.plyr.io *.recaptcha.net *.tapecontent.net *.veev.to *.veevcdn.co *.video-delivery.net *.youtube.com *.zencdn.net"
   }
  ],
  "type": "modifyHeaders"
 },
 "condition": {
  "initiatorDomains": [
   "adblockeronstreamtape.xyz",
   "adblockplustape.com",
   "adblockplustape.xyz",
   "adblockstreamtape.art",
   "adblockstreamtape.site",
   "adblockstrtape.link",
   "d-s.io",
   "d0000d.com",
   "d000d.com",
   "do0od.com",
   "do7go.com",
   "dood.la",
   "dood.li",
   "dood.pm",
   "dood.re",
   "dood.sh",
   "dood.so",
   "dood.to",
   "dood.watch",
   "dood.wf",
   "dood.work",
   "dood.ws",
   "dood.yt",
   "doods.pro",
   "doodstream.co",
   "doodstream.com",
   "doodstream.me",
   "dooodster.com",
   "dooood.com",
   "gettapeads.com",
   "noblocktape.com",
   "shavetape.cash",
   "stapadblockuser.xyz",
   "stapewithadblock.monster",
   "strcloud.club",
   "strcloud.link",
   "streamadblocker.xyz",
   "streamadblockplus.com",
   "streamadblockplus.xyz",
   "streamta.pe",
   "streamtape.cc",
   "streamtape.com",
   "streamtape.net",
   "streamtape.to",
   "streamtape.xyz",
   "streamtapeadblock.art",
   "strtape.cloud",
   "strtape.site",
   "strtape.tech",
   "strtapeadblock.club",
   "strtapeadblock.me",
   "tapenoads.com",
   "tapepops.com",
   "tapewithadblock.org",
   "veev.to",
   "vidply.com",
   "watchadsontape.com"
  ],
  "resourceTypes": [
   "main_frame",
   "sub_frame"
  ]
 },
 "id": 1
},
{
 "action": {
  "responseHeaders": [
   {
    "header": "content-security-policy",
    "operation": "append",
    "value": "sandbox allow-forms allow-same-origin allow-scripts allow-modals allow-orientation-lock allow-pointer-lock allow-presentation allow-top-navigation"
   }
  ],
  "type": "modifyHeaders"
 },
 "condition": {
  "resourceTypes": [
   "main_frame",
   "sub_frame"
  ],
  "urlFilter": "||japscan."
 },
 "id": 2
},
{
 "action": {
  "responseHeaders": [
   {
    "header": "content-security-policy",
    "operation": "append",
    "value": "worker-src 'none'"
   }
  ],
  "type": "modifyHeaders"
 },
 "condition": {
  "initiatorDomains": [
   "atk-exotics.com",
   "atkebony.com",
   "centrum-dramy.pl",
   "chemikino.ru",
   "coinfaucet.eu",
   "crictime.com",
   "crictime.is",
   "deltabit.co",
   "descargas2020.com",
   "domnuleprimar.ro",
   "fileone.tv",
   "filmovix.com",
   "filmovix.org",
   "firstonetv.live",
   "genashowalter.com",
   "hdvid.tv",
   "lewd.ninja",
   "nahnoji.cz",
   "novator.az",
   "onion.ly",
   "onion.pet",
   "ovid.tv",
   "peliculas24.me",
   "powvideo.net",
   "salon.com",
   "shush.se",
   "sickrage.ca",
   "studio100.it",
   "tapemovie.com",
   "theappguruz.com",
   "thepiratebay.org",
   "tubetitties.com",
   "vidoza.co",
   "void.cat"
  ],
  "resourceTypes": [
   "main_frame",
   "sub_frame"
  ]
 },
 "id": 3
},
{
 "action": {
  "responseHeaders": [
   {
    "header": "content-security-policy",
    "operation": "append",
    "value": "script-src 'self' 'unsafe-inline' apis.google.com www.ultimedia.com"
   }
  ],
  "type": "modifyHeaders"
 },
 "condition": {
  "resourceTypes": [
   "main_frame",
   "sub_frame"
  ],
  "urlFilter": "||pblv-plusbellelavie.fr^"
 },
 "id": 4
},
{
 "action": {
  "responseHeaders": [
   {
    "header": "content-security-policy",
    "operation": "append",
    "value": "img-src 'none' http: https:"
   }
  ],
  "type": "modifyHeaders"
 },
 "condition": {
  "resourceTypes": [
   "main_frame",
   "sub_frame"
  ],
  "urlFilter": "||porndoe.com^"
 },
 "id": 5
},
{
 "action": {
  "responseHeaders": [
   {
    "header": "content-security-policy",
    "operation": "append",
    "value": "script-src 'self' 'unsafe-inline' *.google.com *.gstatic.com *.wp.com"
   }
  ],
  "type": "modifyHeaders"
 },
 "condition": {
  "resourceTypes": [
   "main_frame",
   "sub_frame"
  ],
  "urlFilter": "||streamingqc.com^"
 },
 "id": 6
}
]
