[
{"action":{"responseHeaders":[{"header":"content-security-policy","operation":"append","value":"script-src"}],"type":"modifyHeaders"},"condition":{"resourceTypes":["main_frame","sub_frame"],"urlFilter":".infox.sg^"},"id":1},
{"action":{"responseHeaders":[{"header":"content-security-policy","operation":"append","value":"sandbox allow-same-origin;"}],"type":"modifyHeaders"},"condition":{"requestDomains":["azbne.net","betnetmed.advertserve.com","driverpack.io","driverpaksolution.ru","exoclick.com","statusklic.info","syndication.exosrv.com","utarget.ru"],"resourceTypes":["main_frame","sub_frame"]},"id":2},
{"action":{"responseHeaders":[{"header":"content-security-policy","operation":"append","value":"script-src"}],"type":"modifyHeaders"},"condition":{"requestDomains":["ex.24smi.info","folltiz.site","idealmedia.io","news-sphere.com","t1mcapp.com","tdsclicks2.ru","utarget.ru","yadistr.ru"],"resourceTypes":["main_frame","sub_frame"]},"id":3},
{"action":{"responseHeaders":[{"header":"content-security-policy","operation":"append","value":"script-src"}],"type":"modifyHeaders"},"condition":{"resourceTypes":["main_frame","sub_frame"],"urlFilter":"/gateway/ahr0c"},"id":4},
{"action":{"responseHeaders":[{"header":"content-security-policy","operation":"append","value":"script-src 'unsafe-inline' 'unsafe-eval' opensharing.org/img/"}],"type":"modifyHeaders"},"condition":{"resourceTypes":["main_frame","sub_frame"],"urlFilter":"||opensharing.org/img/images/"},"id":5},
{"action":{"responseHeaders":[{"header":"content-security-policy","operation":"append","value":"script-src 'self'"}],"type":"modifyHeaders"},"condition":{"requestDomains":["adblock-tester.com","checkadblock.ru"],"resourceTypes":["main_frame","sub_frame"]},"id":6},
{"action":{"responseHeaders":[{"header":"content-security-policy","operation":"append","value":"frame-src 'self'"},{"header":"content-security-policy","operation":"append","value":"script-src 'self' 'unsafe-inline' 'unsafe-eval' static.fastpic.org"}],"type":"modifyHeaders"},"condition":{"resourceTypes":["main_frame","sub_frame"],"urlFilter":"|http*//fastpic.org/"},"id":7},
{"action":{"responseHeaders":[{"header":"content-security-policy","operation":"append","value":"script-src"}],"type":"modifyHeaders"},"condition":{"resourceTypes":["main_frame","sub_frame"],"urlFilter":"||24click.*/top/"},"id":8},
{"action":{"responseHeaders":[{"header":"content-security-policy","operation":"append","value":"script-src"}],"type":"modifyHeaders"},"condition":{"resourceTypes":["main_frame","sub_frame"],"urlFilter":"||24smi-*/top/"},"id":9},
{"action":{"responseHeaders":[{"header":"content-security-policy","operation":"append","value":"script-src"}],"type":"modifyHeaders"},"condition":{"resourceTypes":["main_frame","sub_frame"],"urlFilter":"||24smi.*/top/"},"id":10},
{"action":{"responseHeaders":[{"header":"content-security-policy","operation":"append","value":"script-src"}],"type":"modifyHeaders"},"condition":{"resourceTypes":["main_frame","sub_frame"],"urlFilter":"||24top.*/top/"},"id":11},
{"action":{"responseHeaders":[{"header":"content-security-policy","operation":"append","value":"script-src"}],"type":"modifyHeaders"},"condition":{"resourceTypes":["main_frame","sub_frame"],"urlFilter":"||an.yandex.ru/count/"},"id":12},
{"action":{"responseHeaders":[{"header":"content-security-policy","operation":"append","value":"sandbox allow-same-origin;"}],"type":"modifyHeaders"},"condition":{"resourceTypes":["main_frame","sub_frame"],"urlFilter":"||crossout.net/*free?*&r="},"id":13},
{"action":{"responseHeaders":[{"header":"content-security-policy","operation":"append","value":"sandbox allow-same-origin;"}],"type":"modifyHeaders"},"condition":{"resourceTypes":["main_frame","sub_frame"],"urlFilter":"/bens/vinos.js"},"id":14},
{"action":{"responseHeaders":[{"header":"content-security-policy","operation":"append","value":"script-src"}],"type":"modifyHeaders"},"condition":{"resourceTypes":["main_frame","sub_frame"],"urlFilter":"||drive.google.com/file/d/1vmzdhlb_-dcnbtubkfqpnnvsep_2gnsy/"},"id":15},
{"action":{"responseHeaders":[{"header":"content-security-policy","operation":"append","value":"img-src 'self' http://forum.ru-board.com/ https://forum.ru-board.com/ addons.mozilla.org raw.githubusercontent.com"}],"type":"modifyHeaders"},"condition":{"resourceTypes":["main_frame","sub_frame"],"urlFilter":"||forum.ru-board.com/*.cgi?*=5&topic=51141"},"id":16},
{"action":{"responseHeaders":[{"header":"content-security-policy","operation":"append","value":"sandbox allow-same-origin;"}],"type":"modifyHeaders"},"condition":{"resourceTypes":["main_frame","sub_frame"],"urlFilter":"||gdz-ru.work/subscribe/"},"id":17},
{"action":{"responseHeaders":[{"header":"content-security-policy","operation":"append","value":"sandbox allow-same-origin;"}],"type":"modifyHeaders"},"condition":{"resourceTypes":["main_frame","sub_frame"],"urlFilter":"||hawk.live/"},"id":18},
{"action":{"responseHeaders":[{"header":"content-security-policy","operation":"append","value":"sandbox allow-same-origin;"}],"type":"modifyHeaders"},"condition":{"resourceTypes":["main_frame","sub_frame"],"urlFilter":"||lis-gor.com/"},"id":19},
{"action":{"responseHeaders":[{"header":"content-security-policy","operation":"append","value":"script-src 'unsafe-eval' data:"}],"type":"modifyHeaders"},"condition":{"resourceTypes":["main_frame","sub_frame"],"urlFilter":"||modsfire.com/download/*/"},"id":20},
{"action":{"responseHeaders":[{"header":"content-security-policy","operation":"append","value":"frame-src 'self'"}],"type":"modifyHeaders"},"condition":{"resourceTypes":["main_frame","sub_frame"],"urlFilter":"||nsportal.ru/download/"},"id":21},
{"action":{"responseHeaders":[{"header":"content-security-policy","operation":"append","value":"script-src 'self' 'unsafe-inline' 'unsafe-eval' i.li.ru"}],"type":"modifyHeaders"},"condition":{"resourceTypes":["main_frame","sub_frame"],"urlFilter":"||www.liveinternet.ru/|"},"id":22},
{"action":{"responseHeaders":[{"header":"content-security-policy","operation":"append","value":"script-src 'self' 'unsafe-inline' 'unsafe-eval' blob: data: *.addtoany.com *.amazonaws.com *.cloudflare.com *.dmca.com *.disqus.com *.disquscdn.com *.enduro.team *.facebook.com *.getsitecontrol.com accounts.google.com apis.google.com cse.google.com *.google.com/cse/ *.google.com/complete/ *.google.com/recaptcha/ translate.google.com www.google.com *.googleapis.com *.googletagmanager.com *.gstatic.com/recaptcha/ *.icon-icons.com *.instagram.com *.jivosite.com *.jquery.com *.keycaptcha.com *.sendpulse.com *.sharethis.com *.po.st *.threadloom.com *.tiktok.com *.trustpilot.com *.twitter.com vk.com www.youtube.com *.dev *.io *.net *.org *.ru *.ua"}],"type":"modifyHeaders"},"condition":{"initiatorDomains":["agroter.com.ua","alensat.com","allbasketball.org","askentire.net","autonews.co.ua","autosoftos.com","babla.ru","bio-lessons.ru","callfilter.app","cardiagram.com.ua","clickthis.blog","coollib.net","delo.ua","elegantwoman.kyiv.ua","enduro.team","eurointegration.com.ua","farposst.ru","findhow.org","for-driver.info","gazeta-misto.te.ua","golos.te.ua","icon-icons.com","ilenta.com","index.minfin.com.ua","inforesist.org","kovelpost.com","kreschatic.kiev.ua","kurs.com.ua","mirlib.ru","modfix.ru","musinfo.net","newsyou.info","ontvtime.ru","orbit-games.com","pb-news.info","perpendicular.pro","pes-files.ru","pingvin.pro","poezdato.net","poizdato.net","pravda.com.ua","rovesnyknews.te.ua","ruboard.website","skidkaonline.ru","sundries.ua","tenews.org.ua","ternopillive.com","tribun.com.ua","uapress.kyiv.ua","valorantinfo.com","vesti-ua.net","vkazivka.com","wallpapershome.ru","xn--80aaukc.xn--j1amh"],"resourceTypes":["main_frame","sub_frame"]},"id":23},
{"action":{"responseHeaders":[{"header":"content-security-policy","operation":"append","value":"script-src"}],"type":"modifyHeaders"},"condition":{"resourceTypes":["main_frame","sub_frame"],"urlFilter":"||yandex.ru/mapuid/"},"id":24},
{"action":{"responseHeaders":[{"header":"content-security-policy","operation":"append","value":"script-src-attr 'none'"}],"type":"modifyHeaders"},"condition":{"initiatorDomains":["volyn.com.ua"],"resourceTypes":["main_frame","sub_frame"]},"id":26},
{"action":{"responseHeaders":[{"header":"content-security-policy","operation":"append","value":"script-src 'unsafe-inline' 'unsafe-eval' data: https://forums.rusmedserv.com/clientscript/ cse.google.com *.google.com/cse/ *.googleapis.com"}],"type":"modifyHeaders"},"condition":{"resourceTypes":["main_frame","sub_frame"],"urlFilter":"||forums.rusmedserv.com/"},"id":27},
{"action":{"responseHeaders":[{"header":"content-security-policy","operation":"append","value":"default-src 'unsafe-inline'"}],"type":"modifyHeaders"},"condition":{"excludedInitiatorDomains":["gzip.softoroom.org","m.softoroom.org"],"resourceTypes":["main_frame","sub_frame"],"urlFilter":".softoroom.org^"},"id":28},
{"action":{"responseHeaders":[{"header":"content-security-policy","operation":"append","value":"connect-src 'self';"}],"type":"modifyHeaders"},"condition":{"resourceTypes":["main_frame","sub_frame"],"urlFilter":"||obfusgated.com/*/tools/ad-block-test"},"id":29},
{"action":{"responseHeaders":[{"header":"content-security-policy","operation":"append","value":"connect-src 'self'; script-src https://adblock.turtlecute.org/js/index.js"}],"type":"modifyHeaders"},"condition":{"resourceTypes":["main_frame","sub_frame"],"urlFilter":"||adblock.turtlecute.org^"},"id":30},
{"action":{"responseHeaders":[{"header":"content-security-policy","operation":"append","value":"connect-src 'self' blob: data:"}],"type":"modifyHeaders"},"condition":{"resourceTypes":["main_frame","sub_frame"],"urlFilter":"||cosplay-porn."},"id":31},
{"action":{"responseHeaders":[{"header":"content-security-policy","operation":"append","value":"connect-src 'self' blob: data:"}],"type":"modifyHeaders"},"condition":{"resourceTypes":["main_frame","sub_frame"],"urlFilter":"||mult-porno."},"id":32},
{"action":{"responseHeaders":[{"header":"content-security-policy","operation":"append","value":"connect-src 'self' blob: data:"}],"type":"modifyHeaders"},"condition":{"resourceTypes":["main_frame","sub_frame"],"urlFilter":"||sex-studentki."},"id":33},
{"action":{"responseHeaders":[{"header":"content-security-policy","operation":"append","value":"script-src 'self' * blob: data:"}],"type":"modifyHeaders"},"condition":{"resourceTypes":["main_frame","sub_frame"],"urlFilter":"||psysovet24.ru^"},"id":34},
{"action":{"responseHeaders":[{"header":"content-security-policy","operation":"append","value":"media-src 'none'"}],"type":"modifyHeaders"},"condition":{"resourceTypes":["main_frame","sub_frame"],"urlFilter":"||smartmama.com.ua^"},"id":35},
{"action":{"responseHeaders":[{"header":"content-security-policy","operation":"append","value":"frame-src 'self' *.ukr.net sinoptik.ua kinoafisha.ua *.twitter.com *.google.com"}],"type":"modifyHeaders"},"condition":{"resourceTypes":["main_frame","sub_frame"],"urlFilter":"||www.ukr.net^"},"id":36},
{"action":{"responseHeaders":[{"header":"content-security-policy","operation":"append","value":"connect-src 'self' *.ukr.net *.fwdcdn.com"}],"type":"modifyHeaders"},"condition":{"resourceTypes":["main_frame","sub_frame"],"urlFilter":"||mail.ukr.net^"},"id":37},
{"action":{"responseHeaders":[{"header":"content-security-policy","operation":"append","value":"script-src 'self' 'unsafe-inline' 'unsafe-eval' blob: data:"}],"type":"modifyHeaders"},"condition":{"resourceTypes":["main_frame","sub_frame"],"urlFilter":"||tapochek.net^"},"id":38},
{"action":{"responseHeaders":[{"header":"content-security-policy","operation":"append","value":"connect-src 'self' blob: data:"}],"type":"modifyHeaders"},"condition":{"resourceTypes":["main_frame","sub_frame"],"urlFilter":"||fap-guru."},"id":39}
]
