[
{"action":{"type":"block"},"condition":{"isUrlFilterCaseSensitive":true,"regexFilter":"^https?:\\/\\/[a-z0-9-\\.]*[a-z0-9-]+\\.[a-z]+\\/bannerManager\\/"},"id":1,"priority":10},
{"action":{"type":"block"},"condition":{"regexFilter":"^https?:\\/\\/[a-z0-9-\\.]*[a-z0-9-]+\\.[a-z]+\\/bannerpop\\/uploads\\/"},"id":2,"priority":10},
{"action":{"type":"block"},"condition":{"regexFilter":"^https?:\\/\\/[a-z0-9-\\.]*[a-z0-9-]+\\.[a-z]+\\/adManager\\/(css|js)\\/[A-z]+\\.(css|js)$"},"id":3,"priority":10},
{"action":{"type":"block"},"condition":{"regexFilter":"^https?:\\/\\/[a-z0-9-\\.]*[a-z0-9-]+\\.[a-z]+\\/RealMedia\\/ads\\/"},"id":4,"priority":10},
{"action":{"type":"block"},"condition":{"initiatorDomains":["news.tvchosun.com"],"regexFilter":"^https?:\\/\\/img\\.tvchosun\\.com\\/upload_img\\/rnbImg\\/[0-9]+\\."},"id":5,"priority":10},
{"action":{"type":"block"},"condition":{"initiatorDomains":["game.naver.com"],"regexFilter":"^https:\\/\\/nng-phinf\\.pstatic\\.net\\/.+\\/.+_naverads\\."},"id":6,"priority":10},
{"action":{"type":"block"},"condition":{"initiatorDomains":["chzzk.naver.com"],"regexFilter":"^https:\\/\\/nng-phinf\\.pstatic\\.net\\/[A-z]+\\/[A-z0-9._-]+\\/Banner_[A-z0-9_-]+\\.[A-z]+$"},"id":7,"priority":10},
{"action":{"type":"block"},"condition":{"initiatorDomains":["etoland.co.kr"],"regexFilter":"^https:\\/\\/www\\.etoland\\.co\\.kr\\/img\\/nasmedia\\/[0-9]+x[0-9]+_+"},"id":8,"priority":10},
{"action":{"type":"block"},"condition":{"initiatorDomains":["sedaily.com"],"regexFilter":"^https:\\/\\/img\\.sedaily\\.com\\/\\/?Html\\/Banner\\/"},"id":9,"priority":10},
{"action":{"type":"block"},"condition":{"initiatorDomains":["busan.com"],"regexFilter":"^https?:\\/\\/www\\.busan\\.com\\/nas\\/wcms\\/public\\/pc\\/images\\/new\\/[0-9]+[a-z]+([0-9]?|[a-z]+_[a-z]+_[a-z]+)\\."},"id":10,"priority":10},
{"action":{"type":"block"},"condition":{"initiatorDomains":["m.humoruniv.com"],"regexFilter":"^https?:\\/\\/timg\\.humoruniv\\.com\\/thumb_crop_resize\\.php\\?url=https?:\\/\\/[A-z0-9\\.]+\\/.+\\?SIZE=[0-9]+(x|X)[0-9]+\\?OPT=center"},"id":11,"priority":10},
{"action":{"type":"block"},"condition":{"initiatorDomains":["databasefootball.com"],"regexFilter":"^https:\\/\\/[a-z0-9_]+\\.dishcrop\\.care\\/"},"id":12,"priority":10},
{"action":{"type":"block"},"condition":{"initiatorDomains":["5l.co.kr"],"regexFilter":"^https?:\\/\\/5l\\.co\\.kr\\/img\\/[0-9A-z]+_[0-9]+X[0-9]+\\."},"id":13,"priority":10},
{"action":{"type":"block"},"condition":{"initiatorDomains":["adsenseforum.co.kr","adsenseforum2.co.kr"],"isUrlFilterCaseSensitive":true,"regexFilter":"^https?:\\/\\/adsenseforum[0-9]*\\.co\\.kr\\/data\\/editor\\/"},"id":14,"priority":10},
{"action":{"type":"block"},"condition":{"initiatorDomains":["atlantak.com"],"regexFilter":"^https:\\/\\/i0\\.wp\\.com\\/atlantak\\.com\\/wp-content\\/uploads\\/[0-9]+\\/[0-9]+\\/[0-9A-z%]+\\.[a-z]+\\?fit=[A-Z%,0-9]+&ssl=1$"},"id":15,"priority":10},
{"action":{"type":"block"},"condition":{"initiatorDomains":["te31.com"],"regexFilter":"^https:\\/\\/te31\\.com\\/m\\/[a-z]+[0-9]*\\.jpg"},"id":16,"priority":10},
{"action":{"type":"block"},"condition":{"initiatorDomains":["soxak.com"],"regexFilter":"^https:\\/\\/soxak\\.com\\/images\\/([a-z]+_)?banner(_[a-z_]+)?\\."},"id":17,"priority":10},
{"action":{"type":"block"},"condition":{"initiatorDomains":["watchfreejavonline.co"],"regexFilter":"^https:\\/\\/i0\\.wp\\.com\\/watchfreejavonline\\.co\\/wp-content\\/uploads\\/[0-9]+\\/[0-9]+\\/cropped-favicon-watchfreejav\\.png"},"id":18,"priority":10},
{"action":{"type":"block"},"condition":{"initiatorDomains":["busan.com"],"regexFilter":"^https:\\/\\/www\\.busan\\.com\\/nas\\/wcms\\/public\\/pc\\/images\\/new\\/[0-9]+[a-z]+\\.gif"},"id":19,"priority":10},
{"action":{"type":"block"},"condition":{"initiatorDomains":["itwind.co.kr"],"regexFilter":"^https:\\/\\/blogger\\.googleusercontent\\.com\\/img\\/a\\/[A-z0-9_-]+=s[0-9]+$"},"id":20,"priority":10},
{"action":{"type":"block"},"condition":{"initiatorDomains":["fomos.kr"],"regexFilter":"^https?:\\/\\/[a-z0-9]+\\.soonwe\\.com\\/[A-z0-9-]+\\/ad_[0-9]+_[0-9]+\\.js"},"id":21,"priority":10},
{"action":{"type":"block"},"condition":{"initiatorDomains":["fomos.kr"],"regexFilter":"^https?:\\/\\/[a-z0-9]+\\.soonwe\\.com\\/[A-z0-9-]+\\/wt_[0-9]+_[0-9]+\\.html"},"id":22,"priority":10},
{"action":{"type":"block"},"condition":{"initiatorDomains":["wemakeprice.com"],"isUrlFilterCaseSensitive":true,"regexFilter":"^https?:\\/\\/view[0-9]+\\.wemep\\.co\\.kr\\/wmp-banner\\/[0-9]{2}\\/[0-9]{6}\\/[0-9]{2}\\/"},"id":23,"priority":10},
{"action":{"type":"block"},"condition":{"initiatorDomains":["wemakeprice.com"],"isUrlFilterCaseSensitive":true,"regexFilter":"^https?:\\/\\/view[0-9]+\\.wemep\\.co\\.kr\\/wmp-main\\/[0-9]{2}\\/[0-9]{6}\\/[0-9]{2}\\/(pmt|pmb)_[a-z0-9]{12}\\."},"id":24,"priority":10},
{"action":{"type":"block"},"condition":{"initiatorDomains":["joongna.com"],"regexFilter":"^https:\\/\\/img[0-9]+\\.joongna\\.com\\/media\\/original\\/[0-9]{4}\\/[0-9]{2}\\/[0-9]{2}\\/[0-9]{13}\\."},"id":25,"priority":10},
{"action":{"type":"block"},"condition":{"initiatorDomains":["haninpost.com"],"regexFilter":"^https:\\/\\/haninpost\\.com\\/wp-content\\/uploads\\/[0-9]{4}\\/[0-9]{2}\\/.*(webbanner-|%EA%B4%91%EA%B3%A0|.{1}banner.{1}[0-9]+x[0-9]+)"},"id":26,"priority":10},
{"action":{"type":"block"},"condition":{"initiatorDomains":["haninpost.com"],"isUrlFilterCaseSensitive":true,"regexFilter":"^https:\\/\\/haninpost\\.com\\/wp-content\\/uploads\\/[0-9]{4}\\/[0-9]{2}\\/[A-Z0-9_]+\\."},"id":27,"priority":10},
{"action":{"type":"block"},"condition":{"initiatorDomains":["boribori.co.kr"],"regexFilter":"^https:\\/\\/cdn[0-9]+\\.boribori\\.co\\.kr\\/rimg\\/(0|110x250)\\/cdn\\/contents\\/disp_corner_conts\\/"},"id":28,"priority":10},
{"action":{"type":"block"},"condition":{"initiatorDomains":["evape.kr"],"regexFilter":"^https:\\/\\/evape\\.kr\\/data\\/editor\\/[0-9]+\\/[a-z0-9]+_[a-z0-9]+_[a-z0-9]+\\."},"id":29,"priority":10},
{"action":{"type":"block"},"condition":{"initiatorDomains":["evape.kr"],"regexFilter":"^https:\\/\\/evape\\.kr\\/data\\/file[0-9]+\\/client\\/"},"id":30,"priority":10},
{"action":{"type":"block"},"condition":{"initiatorDomains":["orbi.kr"],"regexFilter":"^https:\\/\\/[a-z0-9-]+\\.orbi\\.kr\\/[0-9]+\\/[a-z0-9]+\\."},"id":31,"priority":10},
{"action":{"type":"block"},"condition":{"initiatorDomains":["eleccar.co.kr"],"regexFilter":"^https?:\\/\\/(www\\.)?eleccar\\.co\\.kr\\/Files\\/[0-9]+\\/Template\\/[0-9]+\\/[0-9]+_[0-9]+\\."},"id":32,"priority":10},
{"action":{"type":"block"},"condition":{"initiatorDomains":["kpenews.com"],"regexFilter":"^https?:\\/\\/kpenews\\.com\\/images\\/main\\/[a-z]+_[0-9]+\\."},"id":33,"priority":10},
{"action":{"type":"block"},"condition":{"initiatorDomains":["kpenews.com"],"regexFilter":"^https?:\\/\\/kpenews\\.com\\/Files\\/[0-9]\\/Template\\/[0-9]+\\/[0-9]+_[0-9]+\\."},"id":34,"priority":10},
{"action":{"type":"block"},"condition":{"initiatorDomains":["g-enews.com"],"regexFilter":"^https:\\/\\/nimage\\.g-enews\\.com\\/phpwas\\/restmb_allidxmake\\.php\\?idx=999&simg=[a-f0-9]+_0\\."},"id":35,"priority":10},
{"action":{"type":"block"},"condition":{"initiatorDomains":["haninvegas.com"],"regexFilter":"^https:\\/\\/haninvegas\\.com\\/wp-content\\/uploads\\/[0-9]+\\/[0-9]+\\/[%A-Z0-9-]+-[0-9]+x[0-9]+"},"id":36,"priority":10},
{"action":{"type":"block"},"condition":{"initiatorDomains":["donga.com"],"regexFilter":"^https:\\/\\/dbr\\.donga\\.com\\/upload_dir\\/source\\/.+\\([0-9]+x[0-9]+\\)\\."},"id":37,"priority":10},
{"action":{"type":"block"},"condition":{"initiatorDomains":["chosun.com"],"regexFilter":"^https:\\/\\/health\\.chosun\\.com\\/images\\/[0-9]+x[0-9]+"},"id":38,"priority":10},
{"action":{"type":"block"},"condition":{"initiatorDomains":["koreatimes.net"],"regexFilter":"https:\\/\\/(www\\.)?koreatimes\\.net\\/images\\/attach\\/[A-Z0-9]+-[0-9]+\\/"},"id":39,"priority":10},
{"action":{"type":"block"},"condition":{"initiatorDomains":["koreatimes.net"],"regexFilter":"^https:\\/\\/(www\\.)?koreatimes\\.net\\/images\\/attach\\/[a-z]+[0-9]+\\/"},"id":40,"priority":10},
{"action":{"type":"block"},"condition":{"initiatorDomains":["wowtale.net"],"regexFilter":"https:\\/\\/[a-z0-9]+\\.wp\\.com\\/wowtale\\.net\\/wp-content\\/uploads\\/[0-9]{4}\\/[0-9]{2}\\/wowtale\\.net-.+[0-9]{2,}(x|-)[0-9]{2,}\\."},"id":41,"priority":10},
{"action":{"type":"block"},"condition":{"initiatorDomains":["defensetimes.kr"],"regexFilter":"^https?:\\/\\/(www\\.)?defensetimes\\.kr\\/imgs\\/[A-z_]+[0-9]+x[0-9]+\\."},"id":42,"priority":10},
{"action":{"type":"block"},"condition":{"initiatorDomains":["thesingle.co.kr"],"regexFilter":"^https:\\/\\/tbc\\.imgdl\\.xcache\\.kinxcdn\\.com\\/cdn[0-9]{3}\\/[0-9]{8}\\/[0-9%A-z_]+\\([0-9]{3,4}x[0-9]{3,4}\\)"},"id":43,"priority":10},
{"action":{"type":"block"},"condition":{"initiatorDomains":["tf.co.kr"],"regexFilter":"^https?:\\/\\/img\\.tf\\.co\\.kr\\/ss\\/[0-9]{4}\\/fns\\/ads_"},"id":44,"priority":10},
{"action":{"type":"block"},"condition":{"initiatorDomains":["coolenjoy.net"],"regexFilter":"^https:\\/\\/coolenjoy\\.net\\/data\\/editor\\/[0-9]{4}\\/[0-9]{14}_[a-z]{8}\\."},"id":45,"priority":10},
{"action":{"type":"block"},"condition":{"initiatorDomains":["ombudsmannews.com"],"regexFilter":"^https?:\\/\\/www\\.ombudsmannews\\.com\\/default\\/image\\/[a-z]+\\.gif"},"id":46,"priority":10},
{"action":{"type":"block"},"condition":{"initiatorDomains":["0db.co.kr"],"regexFilter":"^https:\\/\\/(www\\.)?0db\\.co\\.kr\\/files\\/attach\\/images\\/[0-9]{5}\\/[a-z0-9]{32}\\.jpg$"},"id":47,"priority":10},
{"action":{"type":"block"},"condition":{"initiatorDomains":["e-himart.co.kr"],"regexFilter":"^https:\\/\\/static[0-9]\\.e-himart\\.co\\.kr\\/contents\\/content\\/display\\/cornerContents\\/imageBanner\\/[0-9]{3}\\/imageBanner_"},"id":48,"priority":10},
{"action":{"type":"block"},"condition":{"initiatorDomains":["stockinfo7.com"],"regexFilter":"^https?:\\/\\/(www\\.)?stockinfo7\\.com\\/img\\/(banner\\/|%E)"},"id":49,"priority":10},
{"action":{"type":"block"},"condition":{"initiatorDomains":["moyoplan.com"],"regexFilter":"^https:\\/\\/moyo-cdn\\.[a-z0-9]{2,3}\\.[a-z0-9-]{12,15}\\.amazonaws\\.com\\/img\\/banner\\/"},"id":50,"priority":10},
{"action":{"type":"block"},"condition":{"initiatorDomains":["dcinside.com"],"regexFilter":"^https:\\/\\/h5\\.dcinside\\.com\\/assets\\/(aaa%20|banner|[%A-F0-9]{20,})"},"id":51,"priority":10},
{"action":{"type":"block"},"condition":{"initiatorDomains":["nate.com"],"regexFilter":"^https:\\/\\/shop\\.nate\\.com\\/shopbox\\/shopbox.+&svcpage=news"},"id":52,"priority":10},
{"action":{"type":"block"},"condition":{"initiatorDomains":["nate.com"],"regexFilter":"^https:\\/\\/(comm\\.|m\\.)?news\\.nate\\.com\\/(etc|Etc)\\/[A-z]*(ad|Ad|AD)[A-z]*"},"id":53,"priority":10},
{"action":{"type":"block"},"condition":{"regexFilter":"^https:\\/\\/t1\\.daumcdn\\.net\\/b2\\/creative\\/[0-9]{6}\\/[a-z0-9]{32}\\."},"id":54,"priority":10},
{"action":{"type":"block"},"condition":{"initiatorDomains":["filecity.co.kr"],"regexFilter":"^https:\\/\\/www\\.filecity\\.co\\.kr\\/img\\/btn\\/top_banner_[a-z]{4}\\."},"id":55,"priority":10},
{"action":{"type":"block"},"condition":{"initiatorDomains":["hungryapp.co.kr"],"regexFilter":"^https:\\/\\/[a-z]+\\.hungryapp\\.co\\.kr\\/main\\/main[0-9]{4}\\/_main_event\\.php$"},"id":56,"priority":10},
{"action":{"type":"block"},"condition":{"initiatorDomains":["playwares.com"],"regexFilter":"^https?:\\/\\/playwares\\.com\\/files\\/attach\\/images\\/[0-9]{8}\\/[0-9]{3}\\/[0-9]{3}\\/[0-9]{3}\\/[a-z0-9]{32}\\."},"id":57,"priority":10},
{"action":{"type":"block"},"condition":{"regexFilter":"^https:\\/\\/shop[0-9]\\.daumcdn\\.net\\/shophow\\/sib\\/[0-9]_[0-9]{12}_[A-z]{10,}"},"id":58,"priority":10},
{"action":{"type":"block"},"condition":{"initiatorDomains":["compuzone.co.kr"],"regexFilter":"^https:\\/\\/image[0-9]{1,2}\\.compuzone\\.co\\.kr\\/img\\/images\\/main[0-9]{4}\\/[A-z]{1,2}\\/[A-z]{3,}Banner(|[0-9])_(|add_)[0-9]{5,6}\\."},"id":59,"priority":10},
{"action":{"type":"block"},"condition":{"initiatorDomains":["edaily.co.kr"],"regexFilter":"^https:\\/\\/image\\.edaily\\.co\\.kr\\/images\\/content\\/[A-z0-9]+640x100\\."},"id":60,"priority":10},
{"action":{"type":"block"},"condition":{"initiatorDomains":["edaily.co.kr"],"regexFilter":"^https:\\/\\/image\\.edaily\\.co\\.kr\\/images\\/content\\/[A-z0-9]+1080x128\\."},"id":61,"priority":10},
{"action":{"type":"block"},"condition":{"initiatorDomains":["hasha.in"],"regexFilter":"^https:\\/\\/cdn-[a-z]+-[0-9]+\\.hasha\\.in\\/[a-zA-Z_0-9-]+\\."},"id":62,"priority":10},
{"action":{"type":"block"},"condition":{"initiatorDomains":["dasibogo.net"],"regexFilter":"^https:\\/\\/v[0-9]+\\.dasibogo\\.net\\/wp-content\\/uploads\\/sites\\/[0-9]+\\/[0-9]+\\/[0-9]+\\/[a-z0-9]+\\."},"id":63,"priority":10},
{"action":{"type":"block"},"condition":{"initiatorDomains":["dasibogo.net"],"regexFilter":"^https:\\/\\/v[0-9]+\\.jogemovie\\.net\\/wp-content\\/uploads\\/sites\\/[0-9]+\\/[0-9]+\\/[0-9]+\\/[a-z0-9-]+\\."},"id":64,"priority":10},
{"action":{"type":"block"},"condition":{"initiatorDomains":["linkssakda.com"],"regexFilter":"^https:\\/\\/linkssakda\\.com\\/upload\\/images\\/[0-9]+\\."},"id":65,"priority":10},
{"action":{"type":"block"},"condition":{"initiatorDomains":["zzzz.lol"],"regexFilter":"\\/data\\/zzapstream\\/[0-9]+_[A-z0-9]+\\.gif"},"id":66,"priority":10},
{"action":{"type":"block"},"condition":{"initiatorDomains":["save-1.net"],"regexFilter":"^https:\\/\\/img\\.cdnfor\\.me\\/images\\/[0-9]+\\/[0-9]+\\/[0-9]+\\/[a-z0-9_-]+\\."},"id":67,"priority":10},
{"action":{"type":"block"},"condition":{"initiatorDomains":["hasha.in"],"regexFilter":"^https:\\/\\/cdn-nl-[0-9]+\\.hasha\\.in\\/[A-z0-9_]+\\.gif$"},"id":68,"priority":10},
{"action":{"type":"block"},"condition":{"regexFilter":"^https:\\/\\/avjoa[0-9]+\\.com\\/wp-content\\/uploads\\/[0-9]+\\/[0-9]+\\/.+\\.gif$"},"id":69,"priority":10},
{"action":{"type":"block"},"condition":{"regexFilter":"^https:\\/\\/www\\.ttking[0-9]+\\.me\\/ad\\/"},"id":70,"priority":10},
{"action":{"type":"block"},"condition":{"regexFilter":"^https:\\/\\/nolgoga[0-9]+\\.com\\/data\\/.+\\.gif$"},"id":71,"priority":10},
{"action":{"type":"block"},"condition":{"regexFilter":"^https:\\/\\/18moa[0-9]+\\.com\\/data\\/file\\/main_top_banner\\/thumb-"},"id":72,"priority":10},
{"action":{"type":"block"},"condition":{"regexFilter":"^https:\\/\\/opss[0-9]+\\.com\\/img\\/[A-z]+\\.gif(\\?v=[0-9]+)?$"},"id":73,"priority":10},
{"action":{"type":"block"},"condition":{"regexFilter":"^https:\\/\\/jiok[0-9]+\\.net\\/img\\/"},"id":74,"priority":10},
{"action":{"type":"block"},"condition":{"regexFilter":"^https:\\/\\/jusoyo[0-9]+\\.(net|com)\\/data\\/apms\\/background\\/"},"id":75,"priority":10},
{"action":{"type":"block"},"condition":{"regexFilter":"^https:\\/\\/jusoyo[0-9]+\\.(net|com)\\/.+\\.webp$"},"id":76,"priority":10},
{"action":{"type":"block"},"condition":{"regexFilter":"^https:\\/\\/yadong[0-9]+\\.net\\/Uploads\\/images\\/\\d{4}-\\d{2}-\\d{2}"},"id":77,"priority":10},
{"action":{"type":"block"},"condition":{"regexFilter":"^https:\\/\\/mkmk[0-9]+\\.com\\/img\\/[a-z]+[0-9]+x[0-9]+\\/"},"id":78,"priority":10},
{"action":{"type":"block"},"condition":{"regexFilter":"^https:\\/\\/mkmk[0-9]+\\.com\\/img\\/[a-z0-9_-]+\\.gif$"},"id":79,"priority":10},
{"action":{"type":"block"},"condition":{"regexFilter":"^https:\\/\\/ww[0-9]+\\.torrentdin[0-9]+\\.com\\/data\\/editor\\/[0-9]+\\/[a-z0-9]+_[a-z0-9]+_[a-z0-9]+\\."},"id":80,"priority":10},
{"action":{"type":"block"},"condition":{"regexFilter":"^https:\\/\\/ww[0-9]+\\.torrentdin[0-9]+\\.com\\/data\\/file\\/ad\\/"},"id":81,"priority":10},
{"action":{"type":"block"},"condition":{"regexFilter":"^https:\\/\\/www\\.torrentreel[0-9]+\\.site\\/ad\\/"},"id":82,"priority":10},
{"action":{"type":"block"},"condition":{"regexFilter":"^https:\\/\\/tvchak[0-9]+\\.com\\/img\\/bbnn"},"id":83,"priority":10},
{"action":{"type":"block"},"condition":{"regexFilter":"^https:\\/\\/agit[0-9]+\\.com\\/upload\\/[0-9]+\\/[0-9]+\\/[0-9]+\\."},"id":84,"priority":10},
{"action":{"type":"block"},"condition":{"regexFilter":"^https:\\/\\/(www\\.)?bobaelink[0-9]+\\.xyz\\/images\\/ad\\/"},"id":85,"priority":10},
{"action":{"type":"block"},"condition":{"regexFilter":"^https:\\/\\/m[0-9]+\\.kotbc\\.com\\/img\\/[a-z0-9_\\/]+\\.gif$"},"id":86,"priority":10},
{"action":{"type":"block"},"condition":{"regexFilter":"^https:\\/\\/torrentsee[0-9]+\\.com\\/uploadfile\\/up[a-z0-9]+\\.gif"},"id":87,"priority":10},
{"action":{"type":"block"},"condition":{"regexFilter":"^https:\\/\\/manatoon[0-9]+\\.com\\/data\\/apms\\/background\\/"},"id":88,"priority":10},
{"action":{"type":"block"},"condition":{"regexFilter":"^https:\\/\\/av[0-9]+\\.org\\/banner\\/"},"id":89,"priority":10},
{"action":{"type":"block"},"condition":{"regexFilter":"^https:\\/\\/(www\\.)?todawa[0-9]+\\.asia\\/ad\\/"},"id":90,"priority":10},
{"action":{"type":"block"},"condition":{"regexFilter":"^https:\\/\\/(www\\.)?bngame[0-9]+\\.com\\/data\\/files\\/banner\\/"},"id":91,"priority":10},
{"action":{"type":"block"},"condition":{"regexFilter":"^https:\\/\\/tvmoa[0-9]+\\.com\\/data\\/apms\\/background\\/"},"id":92,"priority":10},
{"action":{"type":"block"},"condition":{"regexFilter":"^https:\\/\\/jgmoa[0-9]+\\.com\\/upload_files\\/popup\\/"},"id":93,"priority":10},
{"action":{"type":"block"},"condition":{"regexFilter":"^https:\\/\\/newtoki[0-9]+\\.com\\/tokinbtoki\\/[0-9]+"},"id":94,"priority":10},
{"action":{"type":"block"},"condition":{"regexFilter":"^https:\\/\\/manatoki[0-9]+\\.net\\/tokinbtoki\\/"},"id":95,"priority":10},
{"action":{"type":"block"},"condition":{"regexFilter":"^https:\\/\\/image\\.yaburi[0-9]+\\.com\\/image-storage\\/banners\\/"},"id":96,"priority":10},
{"action":{"type":"block"},"condition":{"regexFilter":"^https:\\/\\/torrentten[0-9]+\\.com\\/thema\\/Basic\\/assets\\/img\\/.+\\.gif$"},"id":97,"priority":10},
{"action":{"type":"block"},"condition":{"regexFilter":"^https:\\/\\/linkrand[0-9]+\\.com\\/thema\\/Miso-Basic\\d\\/assets\\/img\\/banne"},"id":98,"priority":10},
{"action":{"type":"block"},"condition":{"regexFilter":"^https:\\/\\/linkrand[0-9]+\\.com\\/data\\/file\\/(left|right)_sero\\/"},"id":99,"priority":10},
{"action":{"type":"block"},"condition":{"regexFilter":"^https:\\/\\/linkrand[0-9]+\\.com\\/data\\/apms\\/background\\/"},"id":100,"priority":10},
{"action":{"type":"block"},"condition":{"regexFilter":"^https:\\/\\/linkrand[0-9]+\\.com\\/data\\/file\\/site_2\\/"},"id":101,"priority":10},
{"action":{"type":"block"},"condition":{"regexFilter":"^https:\\/\\/tvbox[0-9]+\\.xyz\\/data\\/apms\\/background\\/.+\\.gif$"},"id":102,"priority":10},
{"action":{"type":"block"},"condition":{"regexFilter":"^https:\\/\\/ydbox[0-9]+\\.com\\/data\\/apms\\/background\\/.+\\.gif$"},"id":103,"priority":10},
{"action":{"type":"block"},"condition":{"regexFilter":"^https:\\/\\/nightyd[0-9]+\\.com\\/uploadfile\\/up[a-z0-9]+\\."},"id":104,"priority":10},
{"action":{"type":"block"},"condition":{"regexFilter":"^https:\\/\\/linkeye[0-9]+\\.com\\/data\\/file\\/banner\\/"},"id":105,"priority":10},
{"action":{"type":"block"},"condition":{"regexFilter":"^https:\\/\\/static\\.tzstatic\\.top\\/t\\/[a-z0-9]+\\.gif$"},"id":106,"priority":10},
{"action":{"type":"block"},"condition":{"regexFilter":"^https:\\/\\/hohotoon[0-9]+\\.com\\/data\\/banner\\/"},"id":107,"priority":10},
{"action":{"type":"block"},"condition":{"regexFilter":"^https?:\\/\\/(www\\.)?spotv[0-9]+\\.com\\/theme\\/basic\\/img\\/[a-z]+_ad_"},"id":108,"priority":10},
{"action":{"type":"block"},"condition":{"regexFilter":"^https:\\/\\/xn--8-o68e16s35etqj\\.com\\/data\\/editor\\/[0-9]+\\/[a-z0-9]+_[a-z0-9]+_[a-z0-9]+\\."},"id":109,"priority":10},
{"action":{"type":"block"},"condition":{"regexFilter":"^https:\\/\\/torrenthaja\\d*\\.com\\/data\\/banner\\/"},"id":110,"priority":10},
{"action":{"type":"block"},"condition":{"regexFilter":"^https:\\/\\/torrentmode[0-9]+\\.com\\/data\\/zn_bimg\\/"},"id":111,"priority":10},
{"action":{"type":"block"},"condition":{"regexFilter":"^https:\\/\\/toonkor[0-9]+\\.com\\/images\\/[0-9a-z-]*\\d{3,}(x|X)\\d{2,}"},"id":112,"priority":10},
{"action":{"type":"block"},"condition":{"regexFilter":"^https:\\/\\/toonkor[0-9]+\\.com\\/bann\\/"},"id":113,"priority":10},
{"action":{"type":"block"},"condition":{"regexFilter":"^https:\\/\\/torrentlee[0-9]+\\.com\\/[A-z_0-9]+\\.gif$"},"id":114,"priority":10},
{"action":{"type":"block"},"condition":{"regexFilter":"^https:\\/\\/torrentwiz[0-9]+\\.com\\/[A-z0-9]+\\.gif$"},"id":115,"priority":10},
{"action":{"type":"block"},"condition":{"regexFilter":"^https:\\/\\/agit[0-9]+\\.xyz\\/data\\/file\\/novel\\/banner\\/"},"id":116,"priority":10},
{"action":{"type":"block"},"condition":{"regexFilter":"^https:\\/\\/jgmoa[0-9]+\\.com\\/upload_files\\/banner\\/"},"id":117,"priority":10},
{"action":{"type":"block"},"condition":{"regexFilter":"^https:\\/\\/www\\.sexzoa[0-9]+\\.me\\/imgad\\/"},"id":118,"priority":10},
{"action":{"type":"block"},"condition":{"regexFilter":"^https:\\/\\/yagong[0-9]+\\.com\\/storage\\/upload\\/banners\\/"},"id":119,"priority":10},
{"action":{"type":"block"},"condition":{"regexFilter":"^https:\\/\\/yagong[0-9]+\\.com\\/images\\/[A-z0-9-]+\\.gif$"},"id":120,"priority":10},
{"action":{"type":"block"},"condition":{"regexFilter":"^https:\\/\\/www\\.xcity[0-9]+\\.me\\/imgad\\/"},"id":121,"priority":10},
{"action":{"type":"block"},"condition":{"regexFilter":"^https:\\/\\/www\\.jinyi[0-9]+\\.me\\/imgad\\/"},"id":122,"priority":10},
{"action":{"type":"block"},"condition":{"regexFilter":"^https:\\/\\/www\\.redsun[0-9]+\\.me\\/ad\\/"},"id":123,"priority":10},
{"action":{"type":"block"},"condition":{"regexFilter":"^https:\\/\\/manamoa[0-9]+\\.com\\/data\\/apms\\/background\\/"},"id":124,"priority":10},
{"action":{"type":"block"},"condition":{"regexFilter":"^https:\\/\\/namedtoon[0-9]+\\.com\\/Uploads\\/images\\/\\d{4}-\\d{2}-\\d{2}\\/[a-z0-9]{13}"},"id":125,"priority":10},
{"action":{"type":"block"},"condition":{"regexFilter":"^https:\\/\\/(www\\.)?race[0-9]+\\.xyz\\/images\\/spon\\/"},"id":126,"priority":10},
{"action":{"type":"block"},"condition":{"regexFilter":"^https:\\/\\/torrentwiz[0-9]+\\.com\\/data\\/editor\\/\\d{4}\\/"},"id":127,"priority":10},
{"action":{"type":"block"},"condition":{"regexFilter":"^https:\\/\\/torrentbot[0-9]+\\.[a-z]+\\/uploadfile\\/up[a-z0-9]+\\.gif$"},"id":128,"priority":10},
{"action":{"type":"block"},"condition":{"regexFilter":"^https:\\/\\/booktoki[0-9]+\\.com\\/tokinbtoki\\/[0-9]+"},"id":129,"priority":10},
{"action":{"type":"block"},"condition":{"regexFilter":"^https:\\/\\/(www\\.)?filetender\\.com\\/images\\/\\d{3,}(X|x)\\d{3,}-\\d{4}"},"id":130,"priority":10},
{"action":{"type":"block"},"condition":{"regexFilter":"^https:\\/\\/frtoon[0-9]+\\.com\\/data\\/by_banner\\/"},"id":131,"priority":10},
{"action":{"type":"block"},"condition":{"regexFilter":"^https?:\\/\\/[0-9]+image\\.[0-9]+toon\\.com\\/Image\\/Banposter\\/"},"id":132,"priority":10},
{"action":{"type":"block"},"condition":{"regexFilter":"^https?:\\/\\/toon[0-9]+\\.com\\/bbs\\/myiframe\\.html$"},"id":133,"priority":10},
{"action":{"type":"allow"},"condition":{"regexFilter":"^(https?):\\/\\/image\\.kyobobook\\.co\\.kr\\/ink\\/images\\/prom\\/\\d{4}\\/general\\/\\d{6}_dailyCheck\\/"},"id":134,"priority":30},
{"action":{"type":"block"},"condition":{"regexFilter":"^https?:\\/\\/manaboza[0-9]+\\.com\\/static\\/picture\\/\\d{4}_[0-9]{10}\\.\\d{4}\\."},"id":135,"priority":10},
{"action":{"type":"block"},"condition":{"regexFilter":"^https?:\\/\\/manaboza[0-9]+\\.com\\/static\\/image\\/header\\/"},"id":136,"priority":10},
{"action":{"type":"block"},"condition":{"regexFilter":"^https:\\/\\/newtoon[0-9]+\\.com\\/banner\\/"},"id":137,"priority":10},
{"action":{"type":"block"},"condition":{"regexFilter":"^https:\\/\\/bam[0-9]+co\\.com\\/_book\\/_Contents\\/banner\\/"},"id":138,"priority":10},
{"action":{"type":"block"},"condition":{"regexFilter":"^https:\\/\\/dc\\.filesbest\\.xyz\\/uploadfile\\/images\\/[a-z0-9]+\\.gif$"},"id":139,"priority":10},
{"action":{"type":"block"},"condition":{"regexFilter":"^https:\\/\\/blacktoon[0-9]+\\.com\\/poster_js\\/[0-9]+\\.js"},"id":140,"priority":10},
{"action":{"type":"block"},"condition":{"initiatorDomains":["biz.chosun.com"],"regexFilter":"^https:\\/\\/biz\\.chosun\\.com\\/resizer\\/v[0-9]+\\/[A-Z0-9]+\\.[a-z]+\\?auth=.+&width=","responseHeaders":[{"header":"x-edgeconnect-cache-status"}]},"id":141,"priority":10},
{"action":{"type":"block"},"condition":{"initiatorDomains":["aniya24.com"],"regexFilter":"^https:\\/\\/(www\\.)?aniya24\\.com\\/wp-content\\/uploads\\/[0-9]+\\/[0-9]+\\/[a-z]+[0-9]+x[0-9]+\\."},"id":142,"priority":10},
{"action":{"type":"block"},"condition":{"initiatorDomains":["m.sports.naver.com"],"isUrlFilterCaseSensitive":true,"regexFilter":"^https:\\/\\/sports-phinf\\.pstatic\\.net\\/[0-9]+_[0-9]+\\/[A-z0-9]+_[A-Z]+\\/(%[A-Z0-9]+)+_(%[A-Z0-9]+)+_","resourceTypes":["image"]},"id":152,"priority":10},
{"action":{"type":"block"},"condition":{"initiatorDomains":["adsenseforum.co.kr","adsenseforum2.co.kr"],"isUrlFilterCaseSensitive":true,"regexFilter":"^https?:\\/\\/adsenseforum[0-9]*\\.co\\.kr\\/skin\\/board\\/WS_Board_QA.+\\.","resourceTypes":["image"]},"id":153,"priority":10},
{"action":{"type":"block"},"condition":{"initiatorDomains":["soxak.com"],"regexFilter":"^https:\\/\\/soxak\\.com\\/system\\/covers\\/[0-9]+\\/[0-9]+\\/[0-9]+\\/[a-z0-9]+\\/original_","resourceTypes":["image"]},"id":154,"priority":10},
{"action":{"type":"block"},"condition":{"initiatorDomains":["humoruniv.com"],"regexFilter":"^https?:\\/\\/(m\\.)?humoruniv\\.com\\/.+\\?[a-z0-9]+=","resourceTypes":["xmlhttprequest"]},"id":155,"priority":10},
{"action":{"type":"allow"},"condition":{"regexFilter":"^https:\\/\\/www\\.ehanex\\.com\\/images\\/main\\/[a-z]{2}_ad\\.gif$"},"id":157,"priority":30}
]
