[
{"action":{"type":"block"},"condition":{"isUrlFilterCaseSensitive":true,"regexFilter":"^https:\\/\\/[a-z]{7,8}\\.[a-z]{2,8}\\/[!.+,=?@\\[][\\/0-9a-z]{20,30}\\.[-a-z]{2,7}$","requestDomains":["agency","art","asia","auction","bar","beauty","beer","best","biz","business","cam","cards","click","cloud","coupons","digital","diy","fashion","food","forum","gay","guru","info","life","link","live","living","ltd","my","property","pw","rocks","run","sbs","shop","store","studio","tattoo","tech","today","top","uno","work"],"resourceTypes":["main_frame"]},"id":1,"priority":10},
{"action":{"type":"block"},"condition":{"isUrlFilterCaseSensitive":true,"regexFilter":"^https:\\/\\/[a-z]{3,5}\\.[a-z]{4,10}\\.[a-z]{2,6}\\/item-(?:[0-9a-z]{10}|\\d{8})\\.html$","requestDomains":["art","baby","cfd","click","eu","fit","fun","hair","homes","ink","lat","lol","mom","my","sbs","skin","top","world","xyz"],"resourceTypes":["main_frame"]},"id":2,"priority":10},
{"action":{"type":"block"},"condition":{"isUrlFilterCaseSensitive":true,"regexFilter":"^https:\\/\\/[a-z]{4,5}\\.[a-z]{4,10}\\.[a-z]{2,6}\\/item-(?:[0-9a-z]{10}|\\d{8})\\.html$","requestDomains":["biz","blog","cc","cloud","club","info","life","me","one","online","shop","site","space","store"],"resourceTypes":["main_frame"]},"id":3,"priority":10},
{"action":{"type":"block"},"condition":{"regexFilter":"^https?:\\/\\/[-a-z]{4,}\\.com[-.][-a-z0-9]{2,}\\.[a-z]{2,5}\\/","requestDomains":["cc","cfd","cyou","icu","live","top","vip","win","world","xin"],"resourceTypes":["main_frame"]},"id":4,"priority":10},
{"action":{"type":"block"},"condition":{"regexFilter":"^https?:\\/\\/[-a-z]{4,}\\.org[-.][-a-z0-9]{2,}\\.[a-z]{2,5}\\/","requestDomains":["cc","cfd","cyou","icu","live","top","vip","win","world","xin"],"resourceTypes":["main_frame"]},"id":5,"priority":10},
{"action":{"type":"block"},"condition":{"regexFilter":"^https?:\\/\\/(?:[-a-z]{4,}\\.)?gov[-.][-a-z0-9]{2,}\\.[a-z]{2,5}\\/","requestDomains":["cc","cfd","cyou","icu","live","top","vip","win","world","xin"],"resourceTypes":["main_frame"]},"id":6,"priority":10},
{"action":{"type":"block"},"condition":{"isUrlFilterCaseSensitive":true,"regexFilter":"^https?:\\/\\/[-a-z]{4,}\\.(?:com|org)[-.][-a-z]{2,}\\.(?:cc|top|vip|world|xin)\\/pay\\b","requestDomains":["cc","top","vip","world","xin"],"resourceTypes":["main_frame"]},"id":7,"priority":10},
{"action":{"type":"block"},"condition":{"isUrlFilterCaseSensitive":true,"regexFilter":"^https?:\\/\\/[-a-z]{4,}\\.(?:com|org)[-.][-a-z]{2,}\\.(?:cc|top|vip|world|xin)\\/us\\b","requestDomains":["cc","top","vip","world","xin"],"resourceTypes":["main_frame"]},"id":8,"priority":10},
{"action":{"type":"block"},"condition":{"isUrlFilterCaseSensitive":true,"regexFilter":"^https:\\/\\/[0-9a-z]{3,}\\.[-a-z]{10,}\\.(?:li[fv]e|top|xyz)\\/[a-z]{8}\\/(?:article\\d{4}\\.doc)?\\?utm_campaign=\\w{40,}","requestDomains":["life","live","top","xyz"],"resourceTypes":["main_frame"]},"id":9,"priority":10},
{"action":{"type":"block"},"condition":{"excludedRequestDomains":["booking.com"],"regexFilter":"^https:\\/\\/booking(-[a-z]{3,}){2}\\.(?:baby|lat|lol|xyz)\\/","requestDomains":["baby","lat","lol","xyz"],"resourceTypes":["main_frame"]},"id":10,"priority":10},
{"action":{"type":"block"},"condition":{"regexFilter":"\\.(?:cc|com|top|vip)\\/index\\/index\\/lang\\/[a-z]{2}-[a-z]{2}\\b","requestDomains":["cc","com","top","vip"],"resourceTypes":["main_frame"]},"id":11,"priority":10},
{"action":{"type":"block"},"condition":{"domainType":"thirdParty","excludedRequestDomains":["google.com","microsoft.com"],"initiatorDomains":["com","ru","su"],"regexFilter":"^https:\\/\\/[a-z0-9]{50,}\\.[a-z0-9]{4,11}\\.com\\/[a-zA-Z0-9]{50,}$","requestDomains":["com"],"requestMethods":["get"],"resourceTypes":["xmlhttprequest"]},"id":12,"priority":10},
{"action":{"type":"block"},"condition":{"domainType":"thirdParty","initiatorDomains":["com","ru","su"],"regexFilter":"^https:\\/\\/[a-z0-9]{50,}\\.[a-z0-9]{4,11}\\.ru\\/[a-zA-Z0-9]{50,}$","requestDomains":["ru"],"requestMethods":["get"],"resourceTypes":["xmlhttprequest"]},"id":13,"priority":10},
{"action":{"type":"block"},"condition":{"domainType":"thirdParty","initiatorDomains":["com","ru","su"],"regexFilter":"^https:\\/\\/[a-z0-9]{50,}\\.[a-z0-9]{4,11}\\.su\\/[a-zA-Z0-9]{50,}$","requestDomains":["su"],"requestMethods":["get"],"resourceTypes":["xmlhttprequest"]},"id":14,"priority":10},
{"action":{"type":"block"},"condition":{"excludedRequestDomains":["facebook.com"],"isUrlFilterCaseSensitive":true,"regexFilter":"\\.(?:click|pages\\.dev|surge\\.sh)\\/help\\/contact\\/\\d{14,19}\\b","requestDomains":["click","pages.dev","surge.sh"],"resourceTypes":["main_frame"]},"id":15,"priority":10},
{"action":{"type":"block"},"condition":{"regexFilter":"^https:\\/\\/([a-z]-){10,15}[a-z]\\.(?:com|net|org)\\.tr\\/","requestDomains":["com.tr","net.tr","org.tr"],"resourceTypes":["main_frame"]},"id":16,"priority":10},
{"action":{"type":"block"},"condition":{"excludedRequestDomains":["reddit.com"],"regexFilter":"^https?:\\/\\/reddit-\\d{1,2}\\.[a-z]{4}\\.(?:net|org|pw)\\/","requestDomains":["net","org","pw"],"resourceTypes":["main_frame"]},"id":17,"priority":10},
{"action":{"type":"block"},"condition":{"excludedRequestDomains":["wetransfer.com"],"regexFilter":"^https?:\\/\\/wettransfer\\d{2}\\.[a-z]{4}\\.(?:net|org|pw)\\/","requestDomains":["net","org","pw"],"resourceTypes":["main_frame"]},"id":18,"priority":10},
{"action":{"type":"block"},"condition":{"isUrlFilterCaseSensitive":true,"regexFilter":"\\/[0-9a-f]{32}\\/maq\\/$","requestDomains":["com","top"],"resourceTypes":["main_frame"]},"id":19,"priority":10},
{"action":{"type":"block"},"condition":{"regexFilter":"^https?:\\/\\/icloud\\.apple\\.[a-z]{6,}\\.[a-z]+","requestDomains":["cn","co"],"resourceTypes":["main_frame"]},"id":20,"priority":10},
{"action":{"type":"block"},"condition":{"excludedRequestDomains":["facebook.com"],"isUrlFilterCaseSensitive":true,"regexFilter":"\\.(?:boats|cfd)\\/contract\\/\\d{14,19}\\b","requestDomains":["boats","cfd"],"resourceTypes":["main_frame"]},"id":21,"priority":10},
{"action":{"type":"block"},"condition":{"regexFilter":"\\.(?:pages\\.dev|vercel\\.app)\\/appeal_case_id\\b","requestDomains":["pages.dev","vercel.app"],"resourceTypes":["main_frame"]},"id":22,"priority":10},
{"action":{"type":"block"},"condition":{"excludedRequestDomains":["usps.com"],"regexFilter":"^https:\\/\\/usps\\.[-a-z]{6,}\\.(?:com|top)\\/(?:address\\.html|information|verify)\\b","requestDomains":["com","top"],"resourceTypes":["main_frame"]},"id":23,"priority":10},
{"action":{"type":"block"},"condition":{"isUrlFilterCaseSensitive":true,"regexFilter":"^https:\\/\\/[a-z]{6,19}\\.(?:com|net)\\/(?:static_)?file\\/\\?t=[_a-z0-9]+&ns=[a-z]{2}$","requestDomains":["com","net"],"resourceTypes":["main_frame"]},"id":24,"priority":10},
{"action":{"type":"block"},"condition":{"regexFilter":"^https:\\/\\/[a-z]{2,3}\\d\\.biz\\/go\\/[0-9a-z]{15,18}$","requestDomains":["biz"],"resourceTypes":["main_frame"]},"id":25,"priority":10},
{"action":{"type":"block"},"condition":{"regexFilter":"^https:\\/\\/serch\\d{2}\\.biz\\/\\?p=","requestDomains":["biz"],"resourceTypes":["main_frame"]},"id":26,"priority":10},
{"action":{"type":"block"},"condition":{"isUrlFilterCaseSensitive":true,"regexFilter":"^http:\\/\\/[a-z]{5}\\.[a-z]{5}\\.com\\/[a-z]{10}\\.apk$","requestDomains":["com"],"resourceTypes":["main_frame"]},"id":27,"priority":10},
{"action":{"type":"block"},"condition":{"isUrlFilterCaseSensitive":true,"regexFilter":"^https:\\/\\/[a-z]{16,}\\.s3\\.[-a-z]+1\\.amazonaws\\.com\\/[a-z]{66,}(?:\\/[a-z]{45})?\\.html","requestDomains":["amazonaws.com"],"resourceTypes":["main_frame"]},"id":28,"priority":10},
{"action":{"type":"block"},"condition":{"isUrlFilterCaseSensitive":true,"regexFilter":"^https:\\/\\/[-a-z]{16,}\\.z\\d{2}\\.web\\.core\\.windows\\.net\\/[a-z]{70,}(\\/[a-z]{40,})?\\.html","requestDomains":["web.core.windows.net"],"resourceTypes":["main_frame"]},"id":29,"priority":10},
{"action":{"type":"block"},"condition":{"isUrlFilterCaseSensitive":true,"regexFilter":"^https:\\/\\/[a-z]{5,7}\\.[0-9a-z]{12}\\.top\\/[0-9a-f]{32}\\/[0-9-a-f]{32}\\/$","requestDomains":["top"],"resourceTypes":["main_frame"]},"id":30,"priority":10},
{"action":{"type":"block"},"condition":{"regexFilter":"^https:\\/\\/vietg[a-z]v[0-9]*\\.cc\\/","requestDomains":["cc"],"resourceTypes":["main_frame"]},"id":31,"priority":10},
{"action":{"type":"block"},"condition":{"isUrlFilterCaseSensitive":true,"regexFilter":"^https?:\\/\\/server\\.[a-z0-9]{4}\\.com\\/invite\\/\\d+\\b","requestDomains":["com"],"resourceTypes":["main_frame"]},"id":32,"priority":10},
{"action":{"type":"block"},"condition":{"isUrlFilterCaseSensitive":true,"regexFilter":"^https:\\/\\/[a-z0-9]{3,}\\.[a-z]{8,10}\\.ru\\/[a-zA-Z0-9]{6,8}\\/#[A-Z][a-z]{5,}@[a-z]+\\.com$","requestDomains":["ru"],"resourceTypes":["main_frame"]},"id":33,"priority":10},
{"action":{"type":"block"},"condition":{"regexFilter":"^https:\\/\\/[a-z]{40,}\\.pages\\.dev\\/","requestDomains":["pages.dev"],"resourceTypes":["main_frame"]},"id":34,"priority":10},
{"action":{"type":"block"},"condition":{"excludedRequestDomains":["ee.co.uk"],"regexFilter":"^https:\\/\\/ee(?:-[a-z]{5,}){1,2}\\.web\\.app\\/","requestDomains":["web.app"],"resourceTypes":["main_frame"]},"id":35,"priority":10},
{"action":{"type":"block"},"condition":{"excludedRequestDomains":["ee.co.uk"],"regexFilter":"^https:\\/\\/ee(?:-[a-z]{5,}){1,2}\\.firebaseapp\\.com\\/","requestDomains":["firebaseapp.com"],"resourceTypes":["main_frame"]},"id":36,"priority":10},
{"action":{"type":"block"},"condition":{"excludedRequestDomains":["ourtime.com"],"regexFilter":"^https:\\/\\/ourtime\\.[a-z]+-[a-z]+\\.workers\\.dev\\/","requestDomains":["workers.dev"],"resourceTypes":["main_frame"]},"id":37,"priority":10},
{"action":{"type":"block"},"condition":{"regexFilter":"^https:\\/\\/(?:[-a-z0-9]+\\.){2}workers\\.dev\\/v3\\/(?:forgotpassword|security|signup)\\b","requestDomains":["workers.dev"],"resourceTypes":["main_frame"]},"id":38,"priority":10},
{"action":{"type":"block"},"condition":{"excludedRequestDomains":["booking.com"],"regexFilter":"^https:\\/\\/(?:[a-z]+\\.)?hotel-(?:id)?\\d{3,8}\\.eu\\/","requestDomains":["eu"],"resourceTypes":["main_frame"]},"id":39,"priority":10},
{"action":{"type":"block"},"condition":{"excludedRequestDomains":["booking.com"],"regexFilter":"^https:\\/\\/(?:[a-z]+\\.)?hotel-(?:id)?\\d{3,8}\\.com\\/","requestDomains":["com"],"resourceTypes":["main_frame"]},"id":40,"priority":10},
{"action":{"type":"block"},"condition":{"excludedRequestDomains":["booking.com"],"regexFilter":"^https:\\/\\/hotels-\\d{6}\\.eu\\/","requestDomains":["eu"],"resourceTypes":["main_frame"]},"id":41,"priority":10},
{"action":{"type":"block"},"condition":{"excludedRequestDomains":["booking.com"],"regexFilter":"^https:\\/\\/booking\\.[a-z]{3,}-(?:id)?\\d{3,8}\\.eu\\/","requestDomains":["eu"],"resourceTypes":["main_frame"]},"id":42,"priority":10},
{"action":{"type":"block"},"condition":{"regexFilter":"^https?:\\/\\/([a-z]{4,}\\.)?support-\\d{1,2}\\.ru\\/","requestDomains":["ru"],"resourceTypes":["main_frame"]},"id":43,"priority":10},
{"action":{"type":"block"},"condition":{"regexFilter":"^https?:\\/\\/web\\.t(el)?gram[a-z][a-z][a-z]?\\.top\\/","requestDomains":["top"],"resourceTypes":["main_frame"]},"id":44,"priority":10},
{"action":{"type":"block"},"condition":{"regexFilter":"^https?:\\/\\/web\\.tegr[a-z][a-z][a-z]\\.top\\/","requestDomains":["top"],"resourceTypes":["main_frame"]},"id":45,"priority":10},
{"action":{"type":"block"},"condition":{"excludedRequestDomains":["impots.gouv.fr"],"isUrlFilterCaseSensitive":true,"regexFilter":"\\.temporary\\.site\\/service\\/[a-f0-9]{32}\\/","requestDomains":["temporary.site"],"resourceTypes":["main_frame"]},"id":46,"priority":10},
{"action":{"type":"block"},"condition":{"excludedRequestDomains":["amendes.gouv.fr"],"isUrlFilterCaseSensitive":true,"regexFilter":"\\.codeanyapp\\.com\\/.+\\/(?:3dsece?|infospage|paiement)\\.php\\b","requestDomains":["codeanyapp.com"],"resourceTypes":["main_frame"]},"id":47,"priority":10},
{"action":{"type":"block"},"condition":{"excludedRequestDomains":["mbbank.com.vn"],"regexFilter":"^https:\\/\\/mbdk\\d+\\.com\\/","requestDomains":["com"],"resourceTypes":["main_frame"]},"id":48,"priority":10},
{"action":{"type":"block"},"condition":{"excludedRequestDomains":["facebook.com"],"isUrlFilterCaseSensitive":true,"regexFilter":"^https:\\/\\/business\\.[a-z]+confii?rm\\.com\\/meta-community-standard\\d{14,15}[^\\d]?","requestDomains":["com"],"resourceTypes":["main_frame"]},"id":49,"priority":10},
{"action":{"type":"block"},"condition":{"excludedRequestDomains":["facebook.com"],"regexFilter":"^https:\\/\\/business-component\\.[a-z]+(-[a-z]+){2}\\.com\\/","requestDomains":["com"],"resourceTypes":["main_frame"]},"id":50,"priority":10},
{"action":{"type":"block"},"condition":{"excludedRequestDomains":["facebook.com"],"regexFilter":"\\.workers\\.dev\\/help\\/\\d{14,19}\\b","requestDomains":["workers.dev"],"resourceTypes":["main_frame"]},"id":51,"priority":10},
{"action":{"type":"block"},"condition":{"excludedRequestDomains":["facebook.com"],"regexFilter":"^https:\\/\\/(?:appeal|contact|page)\\.[a-z]{15,}\\.com\\/appeal_case_id\\b","requestDomains":["com"],"resourceTypes":["main_frame"]},"id":52,"priority":10},
{"action":{"type":"block"},"condition":{"regexFilter":"^https:\\/\\/h5\\.[a-z0-9]{4}\\.com\\/","requestDomains":["com"],"resourceTypes":["main_frame"]},"id":53,"priority":10},
{"action":{"type":"block"},"condition":{"excludedRequestDomains":["facebook.com"],"isUrlFilterCaseSensitive":true,"regexFilter":"^https?:\\/\\/[-a-z]{12,}\\.vercel\\.app\\/[^.]+?g_ep=?EgoyMDI","requestDomains":["vercel.app"],"resourceTypes":["main_frame"]},"id":54,"priority":10},
{"action":{"type":"block"},"condition":{"excludedRequestDomains":["facebook.com"],"isUrlFilterCaseSensitive":true,"regexFilter":"^https?:\\/\\/[-a-z]{12,}\\.vercel\\.app\\/[^.]+?=D400e","requestDomains":["vercel.app"],"resourceTypes":["main_frame"]},"id":55,"priority":10},
{"action":{"type":"block"},"condition":{"excludedRequestDomains":["facebook.com"],"isUrlFilterCaseSensitive":true,"regexFilter":"^https?:\\/\\/[-a-z0-9]{25,}\\.vercel\\.app\\/id\\/\\d{15,17}\\.html\\b","requestDomains":["vercel.app"],"resourceTypes":["main_frame"]},"id":56,"priority":10},
{"action":{"type":"block"},"condition":{"excludedRequestDomains":["shopee.vn"],"regexFilter":"^https:\\/\\/sp\\d{2,3}88(?:vn)?\\.com\\/","requestDomains":["com"],"resourceTypes":["main_frame"]},"id":57,"priority":10},
{"action":{"type":"block"},"condition":{"excludedRequestDomains":["steamcommunity.com","szentkoronaradio.com"],"regexFilter":"^https:\\/\\/s[cfntz]y?[ace][acemnu][a-z]{1,4}or?[mn][a-z]{4,8}[iy][a-z]?\\.com\\/","requestDomains":["com"],"resourceTypes":["main_frame"]},"id":58,"priority":10},
{"action":{"type":"block"},"condition":{"regexFilter":"^https:\\/\\/s[cfntz]y?[ace][acemnu][a-z]{1,4}or?[mn][a-z]{4,8}[iy][a-z]?\\.cc\\/","requestDomains":["cc"],"resourceTypes":["main_frame"]},"id":59,"priority":10},
{"action":{"type":"block"},"condition":{"excludedRequestDomains":["steamcommunity.com"],"regexFilter":"^https:\\/\\/steam\\.(?:community)?workshop-?[a-z]+\\.com\\/","requestDomains":["com"],"resourceTypes":["main_frame"]},"id":60,"priority":10},
{"action":{"type":"block"},"condition":{"regexFilter":"^https:\\/\\/(?:[a-f0-9]+\\.)?[a-f0-9]{58}\\.pages\\.dev\\/","requestDomains":["pages.dev"],"resourceTypes":["main_frame"]},"id":61,"priority":10},
{"action":{"type":"block"},"condition":{"regexFilter":"^https:\\/\\/[a-z]{14}\\.azureedge\\.net\\/\\d{4}j\\b","requestDomains":["azureedge.net"],"resourceTypes":["main_frame"]},"id":62,"priority":10},
{"action":{"type":"block"},"condition":{"regexFilter":"^https:\\/\\/[-a-z]{4,}\\.dogfriendlytahoe\\.com\\/","requestDomains":["dogfriendlytahoe.com"],"resourceTypes":["main_frame"]},"id":63,"priority":10},
{"action":{"type":"block"},"condition":{"excludedRequestDomains":["telegram.org"],"regexFilter":"^https:\\/\\/www\\.telegram[a-z]{2}\\.com\\/","requestDomains":["com"],"resourceTypes":["main_frame"]},"id":64,"priority":10},
{"action":{"type":"block"},"condition":{"isUrlFilterCaseSensitive":true,"regexFilter":"^https:\\/\\/www\\.[a-z]{12,}\\.com\\/[-a-z]*%E[%0-9A-F]{20,}-[-0-9a-z]{3,}%E[-%0-9A-Fa-z]{70,}-p-\\d{3,5}\\.html$","resourceTypes":["main_frame"]},"id":65,"priority":10},
{"action":{"type":"block"},"condition":{"excludedRequestDomains":["telegram.org"],"regexFilter":"^https:\\/\\/telegram-[a-z]{3,4}\\.com\\/","requestDomains":["com"],"resourceTypes":["main_frame"]},"id":67,"priority":10},
{"action":{"type":"block"},"condition":{"excludedRequestDomains":["usps.com"],"regexFilter":"^https:\\/\\/transporta[a-z]{8,9}pro\\.top\\/i\\b","requestDomains":["top"],"resourceTypes":["main_frame"]},"id":68,"priority":10},
{"action":{"type":"block"},"condition":{"domainType":"thirdParty","excludedRequestDomains":["edu","gov"],"regexFilter":"^https:\\/\\/[a-z]{10,}\\.[a-z]{3,4}\\/(?:engine|track)-[a-f0-9]{8}\\.js$","resourceTypes":["script"],"responseHeaders":[{"header":"vary","values":["referer,accept-encoding*"]}]},"id":69,"priority":10},
{"action":{"type":"block"},"condition":{"excludedRequestDomains":["usps.com"],"regexFilter":"^https:\\/\\/[a-z]\\.[a-z]{10,}\\.top\\/l(?:\\/|$)","requestDomains":["top"],"resourceTypes":["main_frame"]},"id":70,"priority":10},
{"action":{"type":"block"},"condition":{"regexFilter":"^https:\\/\\/(?:[a-z0-9]{2,}-)+10\\d{4}\\.weeblysite\\.com\\/","requestDomains":["weeblysite.com"],"resourceTypes":["main_frame"]},"id":71,"priority":10},
{"action":{"type":"block"},"condition":{"regexFilter":"^https:\\/\\/(?:[a-z0-9]{2,}-)+10\\d{4}\\.square\\.site\\/","requestDomains":["square.site"],"resourceTypes":["main_frame"]},"id":72,"priority":10},
{"action":{"type":"block"},"condition":{"regexFilter":"^https:\\/\\/[^.]+\\.codeanyapp\\.com\\/wp-content\\/.+\\/spo[a-z]{2}i\\/","requestDomains":["codeanyapp.com"],"resourceTypes":["main_frame"]},"id":73,"priority":10},
{"action":{"type":"block"},"condition":{"excludedRequestDomains":["coinbase.com"],"regexFilter":"^https:\\/\\/(?:[^.]+\\.)?\\d{6}-coinbase\\.com\\/","requestDomains":["com"],"resourceTypes":["main_frame"]},"id":74,"priority":10},
{"action":{"type":"block"},"condition":{"excludedRequestDomains":["pancakeswap.finance"],"regexFilter":"^https:\\/\\/pancake(?:dro|swa)pclick\\d+\\.vercel\\.app\\/","requestDomains":["vercel.app"],"resourceTypes":["main_frame"]},"id":75,"priority":10},
{"action":{"type":"block"},"condition":{"isUrlFilterCaseSensitive":true,"regexFilter":"^https:\\/\\/pub-[a-f0-9]{32}\\.r2\\.dev\\/be[a0-9]\\d{2,3}\\.html\\b","requestDomains":["r2.dev"],"resourceTypes":["main_frame"]},"id":76,"priority":10},
{"action":{"type":"block"},"condition":{"excludedRequestDomains":["dienmayxanh.com"],"regexFilter":"^https?:\\/\\/dienmayxanh[-a-z0-9]+\\.com\\/","requestDomains":["com"],"resourceTypes":["main_frame"]},"id":77,"priority":10},
{"action":{"type":"block"},"condition":{"regexFilter":"^https:\\/\\/dich-vu(?:-[a-z0-9]+){2,3}\\.com\\/","requestDomains":["com"],"resourceTypes":["main_frame"]},"id":78,"priority":10},
{"action":{"type":"block"},"condition":{"excludedRequestDomains":["tiki.vn"],"regexFilter":"^https:\\/\\/zla\\d{3}\\.top\\/","requestDomains":["top"],"resourceTypes":["main_frame"]},"id":79,"priority":10},
{"action":{"type":"block"},"condition":{"excludedRequestDomains":["tiki.vn"],"regexFilter":"^https:\\/\\/tdk[det]0[0-9]\\.com\\/","requestDomains":["com"],"resourceTypes":["main_frame"]},"id":81,"priority":10},
{"action":{"type":"block"},"condition":{"excludedRequestDomains":["shopee.vn"],"regexFilter":"^https:\\/\\/(www\\.)?sp\\d{4,5}p\\.com\\/","requestDomains":["com"],"resourceTypes":["main_frame"]},"id":82,"priority":10},
{"action":{"type":"block"},"condition":{"isUrlFilterCaseSensitive":true,"regexFilter":"^https?:\\/\\/[a-z0-9]{6,7}\\.lat\\/[A-Z0-9]{5}$","requestDomains":["lat"],"resourceTypes":["main_frame"]},"id":83,"priority":10},
{"action":{"type":"block"},"condition":{"regexFilter":"^https:\\/\\/amazon[a-z]\\d\\.com\\/","requestDomains":["com"],"resourceTypes":["main_frame"]},"id":84,"priority":10},
{"action":{"type":"block"},"condition":{"excludedRequestDomains":["giaohangtietkiem.vn"],"regexFilter":"^https:\\/\\/giaohangtietkiem\\w+\\.com\\/","requestDomains":["com"],"resourceTypes":["main_frame"]},"id":85,"priority":10},
{"action":{"type":"block"},"condition":{"excludedRequestDomains":["amazon.com"],"regexFilter":"^https?:\\/\\/amazo[a-z]{2}\\d\\.com\\/","requestDomains":["com"],"resourceTypes":["main_frame"]},"id":86,"priority":10},
{"action":{"type":"block"},"condition":{"excludedRequestDomains":["google.com","microsoft.com"],"regexFilter":"^https:\\/\\/[a-z0-9]{2,}\\.[a-z0-9]{4,11}\\.com\\/[a-zA-Z0-9]{30,}\\?[a-zA-Z0-9]{25,}$","requestDomains":["com"],"resourceTypes":["main_frame"]},"id":87,"priority":10},
{"action":{"type":"block"},"condition":{"regexFilter":"^https:\\/\\/[a-z0-9]{2,}\\.[a-z0-9]{4,11}\\.ru\\/[a-zA-Z0-9]{30,}\\?[a-zA-Z0-9]{25,}$","requestDomains":["ru"],"resourceTypes":["main_frame"]},"id":88,"priority":10},
{"action":{"type":"block"},"condition":{"regexFilter":"^https:\\/\\/[a-z0-9]{2,}\\.[a-z0-9]{4,11}\\.su\\/[a-zA-Z0-9]{30,}\\?[a-zA-Z0-9]{25,}$","requestDomains":["su"],"resourceTypes":["main_frame"]},"id":89,"priority":10},
{"action":{"type":"block"},"condition":{"excludedRequestDomains":["x.com"],"regexFilter":"^https:\\/\\/help\\.[a-z]{3,}-x-[a-z]{3,}\\.com\\/","requestDomains":["com"],"resourceTypes":["main_frame"]},"id":90,"priority":10},
{"action":{"type":"block"},"condition":{"isUrlFilterCaseSensitive":true,"regexFilter":"^https?:\\/\\/[a-z]{7,}\\.com\\/go\\/[a-f0-9]{8}(-[a-f0-9]{4}){3}-[a-f0-9]{12}\\b","requestDomains":["com"],"resourceTypes":["main_frame"]},"id":91,"priority":10},
{"action":{"type":"block"},"condition":{"isUrlFilterCaseSensitive":true,"regexFilter":"^https?:\\/\\/[-a-z0-9]{8,}\\.ru\\/\\?load=[a-zA-Z0-9]+(-[a-zA-Z0-9]+)+$","requestDomains":["ru"],"resourceTypes":["main_frame"]},"id":92,"priority":10},
{"action":{"type":"block"},"condition":{"regexFilter":"^https:\\/\\/online\\.[a-z]{7,}\\.top\\/","requestDomains":["top"],"resourceTypes":["main_frame"]},"id":93,"priority":10},
{"action":{"type":"block"},"condition":{"excludedRequestDomains":["air-up.com"],"regexFilter":"^https:\\/\\/www\\.air-?up-?[a-z]{2,}\\.com\\/","requestDomains":["com"],"resourceTypes":["main_frame"]},"id":94,"priority":10},
{"action":{"type":"block"},"condition":{"excludedRequestDomains":["air-up.com"],"regexFilter":"^https:\\/\\/www\\.xn--airup[a-z]{5,6}-[a-z0-9]{3}\\.com\\/","requestDomains":["com"],"resourceTypes":["main_frame"]},"id":95,"priority":10},
{"action":{"type":"block"},"condition":{"isUrlFilterCaseSensitive":true,"regexFilter":"^https?:\\/\\/www\\.[a-z]{9,20}\\.com\\/o-[a-z]{4}-[a-z]\\d6-[a-f0-9]{32}\\b","requestDomains":["com"],"resourceTypes":["main_frame"]},"id":96,"priority":10},
{"action":{"type":"block"},"condition":{"isUrlFilterCaseSensitive":true,"regexFilter":"^https:\\/\\/[0-9a-z]{7}\\.([0-9a-z]{7})\\.top\\/[0-9a-z]{7}\\?t=\\1&cid=[0-9a-z]+","requestDomains":["top"],"resourceTypes":["main_frame"]},"id":97,"priority":10},
{"action":{"type":"block"},"condition":{"excludedRequestDomains":["facebook.com"],"regexFilter":"^https:\\/\\/help-\\d{8}\\.[a-z0-9]{6}-\\d{2}\\.click\\/","requestDomains":["click"],"resourceTypes":["main_frame"]},"id":98,"priority":10},
{"action":{"type":"block"},"condition":{"isUrlFilterCaseSensitive":true,"regexFilter":"^https:\\/\\/[a-z]{7,8}\\.com\\/\\?s=[0-9a-z]{13}&q=","requestDomains":["com"],"resourceTypes":["main_frame"]},"id":99,"priority":10},
{"action":{"type":"block"},"condition":{"excludedRequestDomains":["edu","gov"],"isUrlFilterCaseSensitive":true,"regexFilter":"^https:\\/\\/(?:[-a-z0-9]{2,}\\.){1,2}(?:[a-z]{2,3}|click|online)\\/(?:[-a-z0-9]+\\/){1,4}[a-zA-Z0-9]{150}\\/index\\?a=","requestMethods":["get"],"resourceTypes":["main_frame","xmlhttprequest"]},"id":100,"priority":10},
{"action":{"type":"block"},"condition":{"isUrlFilterCaseSensitive":true,"regexFilter":"^https?:\\/\\/[0-9a-z]*\\.?[-0-9a-z]{3,}\\.[a-z]{2,11}\\.?[a-z]{0,7}\\/(?:[0-9a-z]{6,10}\\/)?\\/?(?:article\\d{4}\\.doc)?\\?(?:cid=[0-9a-z]+&)?u=[0-9a-z]{7}(?:&t=\\d+)?&o=[0-9a-z]{7}","resourceTypes":["main_frame","sub_frame"]},"id":101,"priority":10},
{"action":{"type":"block"},"condition":{"isUrlFilterCaseSensitive":true,"regexFilter":"^https?:\\/\\/[0-9a-z]*\\.?[-0-9a-z]{3,}\\.[a-z]{2,11}\\.?[a-z]{0,7}\\/(?:[0-9a-z]{6,10}\\/)?\\/?(?:article\\d{4}\\.doc)?\\?(?:cid=[0-9a-z]+&)?o=[0-9a-z]{7}(?:&t=\\d+)?&u=[0-9a-z]{7}","resourceTypes":["main_frame","sub_frame"]},"id":102,"priority":10},
{"action":{"type":"block"},"condition":{"regexFilter":"\\/(?:[0-9a-z]{7,25}-){9,13}[0-9a-z]{10,15}\\/(?:[0-9a-z]+\\/)+index\\.php","resourceTypes":["main_frame"]},"id":103,"priority":10},
{"action":{"type":"block"},"condition":{"regexFilter":"_dating\\d\\/index\\.html\\?aref=","resourceTypes":["main_frame"]},"id":104,"priority":10},
{"action":{"type":"block"},"condition":{"regexFilter":"\\.com\\/proc\\.php\\?[0-9a-f]{40}$","resourceTypes":["main_frame"]},"id":105,"priority":10},
{"action":{"type":"block"},"condition":{"isUrlFilterCaseSensitive":true,"regexFilter":"\\/accounts\\/19[56]\\d{3}\\/messages\\/\\d{1,2}\\/clicks\\/\\d{4,5}\\/\\d{1,2}\\b","resourceTypes":["main_frame"]},"id":109,"priority":10},
{"action":{"type":"block"},"condition":{"excludedRequestDomains":["edu","gov","jio.com"],"isUrlFilterCaseSensitive":true,"regexFilter":"\\/recharge\\d?\\.(?:html|php)\\?mobile=\\d{10}\\b","resourceTypes":["main_frame"]},"id":110,"priority":10},
{"action":{"type":"block"},"condition":{"excludedRequestDomains":["edu","gov","jio.com"],"isUrlFilterCaseSensitive":true,"regexFilter":"\\/offer\\.(?:html|php)\\?(?:mobile|rechargenumber)=\\d{10}\\b","resourceTypes":["main_frame"]},"id":111,"priority":10},
{"action":{"type":"block"},"condition":{"excludedRequestDomains":["edu","gov","gov.vn","tpb.vn"],"regexFilter":"^https:\\/\\/tpbank\\.[-a-z0-9]{5,}\\.[a-z]{3}(?:\\.vn)?\\/","resourceTypes":["main_frame"]},"id":112,"priority":10},
{"action":{"type":"block"},"condition":{"excludedRequestDomains":["facebook.com"],"isUrlFilterCaseSensitive":true,"regexFilter":"\\/contract\\/support-case-id=\\d{14,19}\\b","resourceTypes":["main_frame"]},"id":113,"priority":10},
{"action":{"type":"block"},"condition":{"regexFilter":"\\.com(\\.[a-z]{2})?\\/wp-includes\\/images\\/smilies\\/images?\\/smili?es\\/[a-z]{25,35}\\.html","resourceTypes":["main_frame"]},"id":114,"priority":10},
{"action":{"type":"block"},"condition":{"excludedRequestDomains":["com","edu","gov","net","org","telegram.org"],"regexFilter":"^https:\\/\\/telegram-[a-z]{2}\\.[a-z]{2,3}\\/","resourceTypes":["main_frame"]},"id":115,"priority":10},
{"action":{"type":"block"},"condition":{"excludedRequestDomains":["edu","gov","gov.gr"],"regexFilter":"^https:\\/\\/gov\\.[^.]*gr\\.[a-z]{2,6}","resourceTypes":["main_frame"]},"id":116,"priority":10},
{"action":{"type":"block"},"condition":{"excludedRequestDomains":["com","edu","gov","net","org"],"isUrlFilterCaseSensitive":true,"regexFilter":"\\.[a-z]{3,}\\/a\\.aspx\\?cid=","resourceTypes":["main_frame"]},"id":117,"priority":10},
{"action":{"type":"block"},"condition":{"excludedRequestDomains":["com","edu","gov","net","org"],"isUrlFilterCaseSensitive":true,"regexFilter":"\\.[a-z]{3,}\\/products\\.aspx\\?cname=.+&cid=","resourceTypes":["main_frame"]},"id":118,"priority":10},
{"action":{"type":"block"},"condition":{"isUrlFilterCaseSensitive":true,"regexFilter":"^https?:\\/\\/[a-z]+\\.[a-z]{4,}\\/oop\\/\\d+_md(?:\\/\\d+){5}\\b","resourceTypes":["main_frame"]},"id":119,"priority":10},
{"action":{"type":"block"},"condition":{"excludedRequestDomains":["thetollroads.com"],"regexFilter":"^https:\\/\\/thetollroads\\.[a-z]+-[a-z]{4}\\.[a-z]{3}\\/","resourceTypes":["main_frame"]},"id":120,"priority":10},
{"action":{"type":"block"},"condition":{"excludedRequestDomains":["edu","gov"],"isUrlFilterCaseSensitive":true,"regexFilter":"^https:\\/\\/(?:[-a-z0-9]{2,}\\.){1,2}(?:[a-z]{2,3}|click|online)\\/(?:[-a-z0-9]+\\/){1,4}[a-zA-Z0-9]{150}\\/verify\\b","requestMethods":["get"],"resourceTypes":["main_frame"]},"id":121,"priority":10},
{"action":{"type":"block"},"condition":{"domainType":"thirdParty","excludedRequestDomains":["edu","gov"],"isUrlFilterCaseSensitive":true,"regexFilter":"^https:\\/\\/[a-z]{7,}\\.[a-z]{3,}\\/get\\/\\?s=[a-zA-Z0-9]+=*$","resourceTypes":["script"]},"id":124,"priority":10},
{"action":{"type":"block"},"condition":{"domainType":"thirdParty","excludedRequestDomains":["edu","gov"],"isUrlFilterCaseSensitive":true,"regexFilter":"^https:\\/\\/[a-z]{7,}\\.[a-z]{3,}\\/img\\/$","resourceTypes":["script"]},"id":125,"priority":10},
{"action":{"type":"block"},"condition":{"domainType":"thirdParty","excludedRequestDomains":["edu","gov"],"isUrlFilterCaseSensitive":true,"regexFilter":"^wss:\\/\\/[^\\/]+\\.[a-z]{2,}\\/(?:common|ws)\\?source=http[^&]+$","resourceTypes":["websocket"]},"id":126,"priority":10},
{"action":{"type":"block"},"condition":{"isUrlFilterCaseSensitive":true,"regexFilter":"^https:\\/\\/[a-z]{12,15}\\.com\\/\\?p=[0-9a-f]{32}&u=[0-9a-f]{138}\\b","resourceTypes":["main_frame"]},"id":127,"priority":10},
{"action":{"type":"block"},"condition":{"regexFilter":"^https:\\/\\/s[cfntz]y?[ace][acemnu][a-z]{1,4}or?[mn][a-z]{4,8}[iy][a-z]?\\.ru\\/","requestDomains":["ru"],"resourceTypes":["main_frame"]},"id":128,"priority":10}
]
